site,name,price,url,image,sourcePage
bbprincess,: 지나S630 (2026SS),126000,https://www.bbprincess.com/product/detail.html?product_no=130078&cate_no=1&display_group=2,https://www.bbprincess.com/web/product/medium/202606/0e4489d92bef75c15f4fb840d24657f2.png,https://www.bbprincess.com/
bbprincess,: 지나S630 (2026SS),157000,https://www.bbprincess.com/product/detail.html?product_no=130075&cate_no=1&display_group=2,https://www.bbprincess.com/web/upload/custom_4816651081486437.gif,https://www.bbprincess.com/
bbprincess,: 지나S627 (2026SS) 투피스,162000,https://www.bbprincess.com/product/detail.html?product_no=130070&cate_no=1&display_group=2,https://www.bbprincess.com/web/upload/custom_4816651081486437.gif,https://www.bbprincess.com/
bbprincess,: 희야S622 (2026SS) 투피스,161000,https://www.bbprincess.com/product/detail.html?product_no=130034&cate_no=1&display_group=2,https://www.bbprincess.com/web/upload/custom_4816651081486437.gif,https://www.bbprincess.com/
bbprincess,: 햅번S586 (2026SS) 투피스,144000,https://www.bbprincess.com/product/detail.html?product_no=130024&cate_no=1&display_group=2,https://www.bbprincess.com/web/upload/custom_4816651081486437.gif,https://www.bbprincess.com/
bbprincess,: 티아라S576 (2026SS),75000,https://www.bbprincess.com/product/detail.html?product_no=129997&cate_no=1&display_group=2,https://www.bbprincess.com/web/upload/custom_4816651081486437.gif,https://www.bbprincess.com/
bbprincess,: 제시카304 (2026여름),75000,https://www.bbprincess.com/product/detail.html?product_no=129880&cate_no=1&display_group=2,https://www.bbprincess.com/web/upload/custom_4816651081486437.gif,https://www.bbprincess.com/
bbprincess,: 제시카392 (2026여름),75000,https://www.bbprincess.com/product/detail.html?product_no=129863&cate_no=1&display_group=2,https://www.bbprincess.com/web/upload/custom_4816651081486437.gif,https://www.bbprincess.com/
bbprincess,: 제시카375 (2026여름),75000,https://www.bbprincess.com/product/detail.html?product_no=129853&cate_no=1&display_group=2,https://www.bbprincess.com/web/upload/custom_4816651081486437.gif,https://www.bbprincess.com/
bbprincess,: 제시카365 (2026여름),75000,https://www.bbprincess.com/product/detail.html?product_no=129831&cate_no=1&display_group=2,https://www.bbprincess.com/web/upload/custom_5316655555882630.gif,https://www.bbprincess.com/
bbprincess,: 제시카343 (2026여름),75000,https://www.bbprincess.com/product/detail.html?product_no=129821&cate_no=1&display_group=2,https://www.bbprincess.com/web/upload/custom_5316655555882630.gif,https://www.bbprincess.com/
bbprincess,: 제시카333 (2026여름),126000,https://www.bbprincess.com/product/detail.html?product_no=129776&cate_no=1&display_group=2,https://www.bbprincess.com/web/upload/custom_4816651081486437.gif,https://www.bbprincess.com/
bbprincess,: 지니403 로즈코사지,154000,https://www.bbprincess.com/product/detail.html?product_no=129738&cate_no=1&display_group=2,https://www.bbprincess.com/web/upload/custom_4816651081486437.gif,https://www.bbprincess.com/
bbprincess,: 지니396 훌숄더투피스그,68000,https://www.bbprincess.com/product/detail.html?product_no=129736&cate_no=1&display_group=2,https://www.bbprincess.com/web/upload/custom_4816651081486437.gif,https://www.bbprincess.com/
bbprincess,: 티아라S543 (2026SS),158000,https://www.bbprincess.com/product/detail.html?product_no=129726&cate_no=1&display_group=2,https://www.bbprincess.com/web/upload/custom_4816651081486437.gif,https://www.bbprincess.com/
bbprincess,: 티아라S533 (2026SS),135000,https://www.bbprincess.com/product/detail.html?product_no=129695&cate_no=1&display_group=2,https://www.bbprincess.com/web/upload/custom_4816651081486437.gif,https://www.bbprincess.com/
bbprincess,: 펄S502 (2026SS),144000,https://www.bbprincess.com/product/detail.html?product_no=129684&cate_no=1&display_group=2,https://www.bbprincess.com/web/upload/custom_4816651081486437.gif,https://www.bbprincess.com/
bbprincess,: 티아라S491 (2026SS),86000,https://www.bbprincess.com/product/detail.html?product_no=129678&cate_no=1&display_group=2,https://www.bbprincess.com/web/upload/custom_4816651081486437.gif,https://www.bbprincess.com/
bbprincess,: 티아라S485 (2026SS),113000,https://www.bbprincess.com/product/detail.html?product_no=129633&cate_no=1&display_group=2,https://www.bbprincess.com/web/upload/custom_4816651081486437.gif,https://www.bbprincess.com/
bbprincess,: 비비817 투피스,117000,https://www.bbprincess.com/product/detail.html?product_no=129630&cate_no=1&display_group=2,https://www.bbprincess.com/web/upload/custom_4816651081486437.gif,https://www.bbprincess.com/
bbprincess,: 블루밍757 팝핑,108000,https://www.bbprincess.com/product/detail.html?product_no=129627&cate_no=1&display_group=2,https://www.bbprincess.com/web/upload/custom_4816651081486437.gif,https://www.bbprincess.com/
bbprincess,: 블루밍754 펀치트임블,116000,https://www.bbprincess.com/product/detail.html?product_no=129559&cate_no=1&display_group=2,https://www.bbprincess.com/web/upload/custom_4816651081486437.gif,https://www.bbprincess.com/
bbprincess,: 비비812 투피스,135000,https://www.bbprincess.com/product/detail.html?product_no=129465&cate_no=1&display_group=2,https://www.bbprincess.com/web/upload/custom_4816651081486437.gif,https://www.bbprincess.com/
bbprincess,: 세윤S366 (2026SS),126000,https://www.bbprincess.com/product/detail.html?product_no=129462&cate_no=1&display_group=2,https://www.bbprincess.com/web/upload/custom_4816651081486437.gif,https://www.bbprincess.com/
bbprincess,: 햅번S363 (2026SS),144000,https://www.bbprincess.com/product/detail.html?product_no=129460&cate_no=1&display_group=2,https://www.bbprincess.com/web/upload/custom_4816651081486437.gif,https://www.bbprincess.com/
bbprincess,: 써니S361 (2026SS),197000,https://www.bbprincess.com/product/detail.html?product_no=129417&cate_no=1&display_group=2,https://www.bbprincess.com/web/upload/custom_4816651081486437.gif,https://www.bbprincess.com/
bbprincess,: 지니393 플라워투피스핑,135000,https://www.bbprincess.com/product/detail.html?product_no=129332&cate_no=1&display_group=2,https://www.bbprincess.com/web/upload/custom_4816651081486437.gif,https://www.bbprincess.com/
bbprincess,: 세윤S270 (2026SS),75000,https://www.bbprincess.com/product/detail.html?product_no=129012&cate_no=1&display_group=2,https://www.bbprincess.com/web/upload/custom_4816651081486437.gif,https://www.bbprincess.com/
bbprincess,: 앙크최4056 (2026SS),75000,https://www.bbprincess.com/product/detail.html?product_no=128985&cate_no=1&display_group=2,https://www.bbprincess.com/web/upload/custom_4816651081486437.gif,https://www.bbprincess.com/
bbprincess,: 앙크최4029 (2026SS),144000,https://www.bbprincess.com/product/detail.html?product_no=128695&cate_no=1&display_group=2,https://www.bbprincess.com/web/upload/custom_4816651081486437.gif,https://www.bbprincess.com/
bbprincess,: 희야S725 (2026SS) 투피스,113000,https://www.bbprincess.com/product/detail.html?product_no=130199&cate_no=1&display_group=3,https://www.bbprincess.com/web/upload/custom_4816651081486437.gif,https://www.bbprincess.com/
bbprincess,: 희야S725 (2026SS) 투피스,162000,https://www.bbprincess.com/product/detail.html?product_no=130200&cate_no=1&display_group=3,https://img.echosting.cafe24.com/icon/product/global/icon_global_01.gif,https://www.bbprincess.com/
bbprincess,: 희야S726 (2026SS) 투피스,162000,https://www.bbprincess.com/product/detail.html?product_no=130201&cate_no=1&display_group=3,https://img.echosting.cafe24.com/icon/product/global/icon_global_01.gif,https://www.bbprincess.com/
bbprincess,: 펄S727 (2026SS) 투피스,162000,https://www.bbprincess.com/product/detail.html?product_no=130202&cate_no=1&display_group=3,https://img.echosting.cafe24.com/icon/product/global/icon_global_01.gif,https://www.bbprincess.com/
bbprincess,: 펄S728 (2026SS) 투피스,162000,https://www.bbprincess.com/product/detail.html?product_no=130203&cate_no=1&display_group=3,https://img.echosting.cafe24.com/icon/product/global/icon_global_01.gif,https://www.bbprincess.com/
bbprincess,: 펄S729 (2026SS) 투피스,162000,https://www.bbprincess.com/product/detail.html?product_no=130204&cate_no=1&display_group=3,https://img.echosting.cafe24.com/icon/product/global/icon_global_01.gif,https://www.bbprincess.com/
bbprincess,: 펄S730 (2026SS) 투피스,126000,https://www.bbprincess.com/product/detail.html?product_no=130205&cate_no=1&display_group=3,https://img.echosting.cafe24.com/icon/product/global/icon_global_01.gif,https://www.bbprincess.com/
bbprincess,: 지나S731 (2026SS),126000,https://www.bbprincess.com/product/detail.html?product_no=130206&cate_no=1&display_group=3,https://img.echosting.cafe24.com/icon/product/global/icon_global_01.gif,https://www.bbprincess.com/
bbprincess,: 지나S732 (2026SS),126000,https://www.bbprincess.com/product/detail.html?product_no=130207&cate_no=1&display_group=3,https://img.echosting.cafe24.com/icon/product/global/icon_global_01.gif,https://www.bbprincess.com/
bbprincess,: 지나S733 (2026SS),126000,https://www.bbprincess.com/product/detail.html?product_no=130208&cate_no=1&display_group=3,https://img.echosting.cafe24.com/icon/product/global/icon_global_01.gif,https://www.bbprincess.com/
bbprincess,: 지나S734 (2026SS),131000,https://www.bbprincess.com/product/detail.html?product_no=130209&cate_no=1&display_group=3,https://img.echosting.cafe24.com/icon/product/global/icon_global_01.gif,https://www.bbprincess.com/
bbprincess,: 지나S735 (2026SS),131000,https://www.bbprincess.com/product/detail.html?product_no=130210&cate_no=1&display_group=3,https://img.echosting.cafe24.com/icon/product/global/icon_global_01.gif,https://www.bbprincess.com/
bbprincess,: 지나S736 (2026SS),113000,https://www.bbprincess.com/product/detail.html?product_no=129746&cate_no=1&display_group=3,https://img.echosting.cafe24.com/icon/product/global/icon_global_01.gif,https://www.bbprincess.com/
bbprincess,: 실루엣SR353 벨트SET,113000,https://www.bbprincess.com/product/detail.html?product_no=130105&cate_no=1&display_group=3,https://img.echosting.cafe24.com/icon/product/global/icon_global_01.gif,https://www.bbprincess.com/
bbprincess,: 실루엣SR354 벨트SET,117000,https://www.bbprincess.com/product/detail.html?product_no=130106&cate_no=1&display_group=3,https://img.echosting.cafe24.com/icon/product/global/icon_global_01.gif,https://www.bbprincess.com/
bbprincess,: 실루엣SR355,117000,https://www.bbprincess.com/product/detail.html?product_no=130107&cate_no=1&display_group=3,https://img.echosting.cafe24.com/icon/product/global/icon_global_01.gif,https://www.bbprincess.com/
bbprincess,: 실루엣SR356,75000,https://www.bbprincess.com/product/detail.html?product_no=129000&cate_no=1&display_group=3,https://img.echosting.cafe24.com/icon/product/global/icon_global_01.gif,https://www.bbprincess.com/
bbprincess,: 앙크최4044 (2026SS),100000,https://www.bbprincess.com/product/detail.html?product_no=130131&cate_no=1&display_group=3,https://img.echosting.cafe24.com/icon/product/global/icon_global_01.gif,https://www.bbprincess.com/
bbprincess,: 지니414 스퀘어캉캉블,135000,https://www.bbprincess.com/product/detail.html?product_no=130124&cate_no=1&display_group=3,https://img.echosting.cafe24.com/icon/product/global/icon_global_01.gif,https://www.bbprincess.com/
bbprincess,: 지니413 스퀘어캉캉아,135000,https://www.bbprincess.com/product/detail.html?product_no=130123&cate_no=1&display_group=3,https://img.echosting.cafe24.com/icon/product/global/icon_global_01.gif,https://www.bbprincess.com/
bbprincess,: 지니412 스퀘어캉캉,131000,https://www.bbprincess.com/product/detail.html?product_no=130120&cate_no=1&display_group=3,https://img.echosting.cafe24.com/icon/product/global/icon_global_01.gif,https://www.bbprincess.com/
bbprincess,: 지니409 끈레이스핑,131000,https://www.bbprincess.com/product/detail.html?product_no=130121&cate_no=1&display_group=3,https://img.echosting.cafe24.com/icon/product/global/icon_global_01.gif,https://www.bbprincess.com/
bbprincess,: 지니410 끈레이스베,131000,https://www.bbprincess.com/product/detail.html?product_no=130122&cate_no=1&display_group=3,https://img.echosting.cafe24.com/icon/product/global/icon_global_01.gif,https://www.bbprincess.com/
bbprincess,: 지니411 끈레이스소,75000,https://www.bbprincess.com/product/detail.html?product_no=129855&cate_no=1&display_group=3,https://img.echosting.cafe24.com/icon/product/global/icon_global_01.gif,https://www.bbprincess.com/
bbprincess,: 제시카367 (2026여름),75000,https://www.bbprincess.com/product/detail.html?product_no=129875&cate_no=1&display_group=3,https://img.echosting.cafe24.com/icon/product/global/icon_global_01.gif,https://www.bbprincess.com/
bbprincess,: 제시카387 (2026여름),75000,https://www.bbprincess.com/product/detail.html?product_no=129856&cate_no=1&display_group=3,https://img.echosting.cafe24.com/icon/product/global/icon_global_01.gif,https://www.bbprincess.com/
bbprincess,: 제시카368 (2026여름),75000,https://www.bbprincess.com/product/detail.html?product_no=129858&cate_no=1&display_group=3,https://img.echosting.cafe24.com/icon/product/global/icon_global_01.gif,https://www.bbprincess.com/
bbprincess,: 제시카370 (2026여름),84000,https://www.bbprincess.com/product/detail.html?product_no=129859&cate_no=1&display_group=3,https://img.echosting.cafe24.com/icon/product/global/icon_global_01.gif,https://www.bbprincess.com/
bbprincess,: 제시카371 (2026여름),75000,https://www.bbprincess.com/product/detail.html?product_no=129860&cate_no=1&display_group=3,https://img.echosting.cafe24.com/icon/product/global/icon_global_01.gif,https://www.bbprincess.com/
bbprincess,: 제시카372 (2026여름),75000,https://www.bbprincess.com/product/detail.html?product_no=129861&cate_no=1&display_group=3,https://img.echosting.cafe24.com/icon/product/global/icon_global_01.gif,https://www.bbprincess.com/
bbprincess,: 제시카373 (2026여름),75000,https://www.bbprincess.com/product/detail.html?product_no=129863&cate_no=1&display_group=3,https://img.echosting.cafe24.com/icon/product/global/icon_global_01.gif,https://www.bbprincess.com/
bbprincess,: 제시카375 (2026여름),75000,https://www.bbprincess.com/product/detail.html?product_no=129864&cate_no=1&display_group=3,https://www.bbprincess.com/web/upload/custom_4816651081486437.gif,https://www.bbprincess.com/
bbprincess,: 제시카376 (2026여름),75000,https://www.bbprincess.com/product/detail.html?product_no=129865&cate_no=1&display_group=3,https://img.echosting.cafe24.com/icon/product/global/icon_global_01.gif,https://www.bbprincess.com/
bbprincess,: 제시카377 (2026여름),75000,https://www.bbprincess.com/product/detail.html?product_no=129866&cate_no=1&display_group=3,https://img.echosting.cafe24.com/icon/product/global/icon_global_01.gif,https://www.bbprincess.com/
bbprincess,: 제시카378 (2026여름),84000,https://www.bbprincess.com/product/detail.html?product_no=129867&cate_no=1&display_group=3,https://img.echosting.cafe24.com/icon/product/global/icon_global_01.gif,https://www.bbprincess.com/
bbprincess,: 제시카379 (2026여름),75000,https://www.bbprincess.com/product/detail.html?product_no=129868&cate_no=1&display_group=3,https://img.echosting.cafe24.com/icon/product/global/icon_global_01.gif,https://www.bbprincess.com/
bbprincess,: 제시카380 (2026여름),75000,https://www.bbprincess.com/product/detail.html?product_no=129869&cate_no=1&display_group=3,https://img.echosting.cafe24.com/icon/product/global/icon_global_01.gif,https://www.bbprincess.com/
bbprincess,: 제시카381 (2026여름),75000,https://www.bbprincess.com/product/detail.html?product_no=129870&cate_no=1&display_group=3,https://img.echosting.cafe24.com/icon/product/global/icon_global_01.gif,https://www.bbprincess.com/
bbprincess,: 제시카382 (2026여름),75000,https://www.bbprincess.com/product/detail.html?product_no=129872&cate_no=1&display_group=3,https://img.echosting.cafe24.com/icon/product/global/icon_global_01.gif,https://www.bbprincess.com/
bbprincess,: 제시카384 (2026여름),75000,https://www.bbprincess.com/product/detail.html?product_no=129874&cate_no=1&display_group=3,https://img.echosting.cafe24.com/icon/product/global/icon_global_01.gif,https://www.bbprincess.com/
bbprincess,: 제시카386 (2026여름),75000,https://www.bbprincess.com/product/detail.html?product_no=129876&cate_no=1&display_group=3,https://img.echosting.cafe24.com/icon/product/global/icon_global_01.gif,https://www.bbprincess.com/
bbprincess,: 제시카388 (2026여름),75000,https://www.bbprincess.com/product/detail.html?product_no=129877&cate_no=1&display_group=3,https://img.echosting.cafe24.com/icon/product/global/icon_global_01.gif,https://www.bbprincess.com/
bbprincess,: 제시카389 (2026여름),75000,https://www.bbprincess.com/product/detail.html?product_no=129878&cate_no=1&display_group=3,https://img.echosting.cafe24.com/icon/product/global/icon_global_01.gif,https://www.bbprincess.com/
bbprincess,: 제시카390 (2026여름),75000,https://www.bbprincess.com/product/detail.html?product_no=129880&cate_no=1&display_group=3,https://img.echosting.cafe24.com/icon/product/global/icon_global_01.gif,https://www.bbprincess.com/
bbprincess,: 제시카392 (2026여름),75000,https://www.bbprincess.com/product/detail.html?product_no=129881&cate_no=1&display_group=3,https://www.bbprincess.com/web/upload/custom_4816651081486437.gif,https://www.bbprincess.com/
bbprincess,: 제시카393 (2026여름),75000,https://www.bbprincess.com/product/detail.html?product_no=129883&cate_no=1&display_group=3,https://img.echosting.cafe24.com/icon/product/global/icon_global_01.gif,https://www.bbprincess.com/
bbprincess,: 제시카395 (2026여름),75000,https://www.bbprincess.com/product/detail.html?product_no=129885&cate_no=1&display_group=3,https://img.echosting.cafe24.com/icon/product/global/icon_global_01.gif,https://www.bbprincess.com/
bbprincess,: 제시카397 (2026여름),75000,https://www.bbprincess.com/product/detail.html?product_no=129887&cate_no=1&display_group=3,https://img.echosting.cafe24.com/icon/product/global/icon_global_01.gif,https://www.bbprincess.com/
bbprincess,: 제시카399 (2026여름),75000,https://www.bbprincess.com/product/detail.html?product_no=129888&cate_no=1&display_group=3,https://img.echosting.cafe24.com/icon/product/global/icon_global_01.gif,https://www.bbprincess.com/
bbprincess,: 제시카400 (2026여름),75000,https://www.bbprincess.com/product/detail.html?product_no=129889&cate_no=1&display_group=3,https://img.echosting.cafe24.com/icon/product/global/icon_global_01.gif,https://www.bbprincess.com/
bbprincess,: 제시카401 (2026여름),75000,https://www.bbprincess.com/product/detail.html?product_no=129890&cate_no=1&display_group=3,https://img.echosting.cafe24.com/icon/product/global/icon_global_01.gif,https://www.bbprincess.com/
bbprincess,: 제시카402 (2026여름),81000,https://www.bbprincess.com/product/detail.html?product_no=130125&cate_no=1&display_group=3,https://img.echosting.cafe24.com/icon/product/global/icon_global_01.gif,https://www.bbprincess.com/
bbprincess,: 펄S657 블라우스,81000,https://www.bbprincess.com/product/detail.html?product_no=130126&cate_no=1&display_group=3,https://img.echosting.cafe24.com/icon/product/global/icon_global_01.gif,https://www.bbprincess.com/
bbprincess,: 펄S658 블라우스,158000,https://www.bbprincess.com/product/detail.html?product_no=130127&cate_no=1&display_group=3,https://img.echosting.cafe24.com/icon/product/global/icon_global_01.gif,https://www.bbprincess.com/
bbprincess,상품명,46000,https://www.bbprincess.com/product/detail.html?product_no=130128&cate_no=1&display_group=3,https://img.echosting.cafe24.com/icon/product/global/icon_global_01.gif,https://www.bbprincess.com/
bbprincess,: 티아라SB656 자켓,111000,https://www.bbprincess.com/product/detail.html?product_no=130130&cate_no=1&display_group=3,https://img.echosting.cafe24.com/icon/product/global/icon_global_01.gif,https://www.bbprincess.com/
bbprincess,: 티아라SB656 자켓,75000,https://www.bbprincess.com/product/detail.html?product_no=129846&cate_no=1&display_group=3,https://img.echosting.cafe24.com/icon/product/global/icon_global_01.gif,https://www.bbprincess.com/
bbprincess,: 제시카358 (2026여름),117000,https://www.bbprincess.com/product/detail.html?product_no=130115&cate_no=1&display_group=3,https://img.echosting.cafe24.com/icon/product/global/icon_global_01.gif,https://www.bbprincess.com/
bbprincess,: 블루밍758 팝,117000,https://www.bbprincess.com/product/detail.html?product_no=129630&cate_no=1&display_group=3,https://img.echosting.cafe24.com/icon/product/global/icon_global_01.gif,https://www.bbprincess.com/
bbprincess,: 블루밍757 팝핑,75000,https://www.bbprincess.com/product/detail.html?product_no=128963&cate_no=1&display_group=3,https://www.bbprincess.com/web/upload/custom_4816651081486437.gif,https://www.bbprincess.com/
bbprincess,: 앙크최4027 (2026SS),75000,https://www.bbprincess.com/product/detail.html?product_no=128983&cate_no=1&display_group=4,https://www.bbprincess.com/web/upload/dfloor_base/sample/pc_icon/product_basket.png,https://www.bbprincess.com/
bbprincess,: 앙크최4027 (2026SS),75000,https://www.bbprincess.com/product/detail.html?product_no=128993&cate_no=1&display_group=4,https://www.bbprincess.com/web/upload/dfloor_base/sample/pc_icon/product_basket.png,https://www.bbprincess.com/
bbprincess,: 앙크최4037 (2026SS),75000,https://www.bbprincess.com/product/detail.html?product_no=128992&cate_no=1&display_group=4,https://www.bbprincess.com/web/upload/dfloor_base/sample/pc_icon/product_basket.png,https://www.bbprincess.com/
bbprincess,: 앙크최4036 (2026SS),75000,https://www.bbprincess.com/product/detail.html?product_no=129001&cate_no=1&display_group=4,https://www.bbprincess.com/web/upload/dfloor_base/sample/pc_icon/product_basket.png,https://www.bbprincess.com/
bbprincess,: 앙크최4045 (2026SS),75000,https://www.bbprincess.com/product/detail.html?product_no=129011&cate_no=1&display_group=4,https://www.bbprincess.com/web/upload/dfloor_base/sample/pc_icon/product_basket.png,https://www.bbprincess.com/
bbprincess,: 앙크최4055 (2026SS),75000,https://www.bbprincess.com/product/detail.html?product_no=129040&cate_no=1&display_group=4,https://www.bbprincess.com/web/upload/dfloor_base/sample/pc_icon/product_basket.png,https://www.bbprincess.com/
bbprincess,: 앙크최4084 (2026SS),75000,https://www.bbprincess.com/product/detail.html?product_no=129074&cate_no=1&display_group=4,https://www.bbprincess.com/web/upload/dfloor_base/sample/pc_icon/product_basket.png,https://www.bbprincess.com/
bbprincess,: 앙크최4117 (2026SS),75000,https://www.bbprincess.com/product/detail.html?product_no=129087&cate_no=1&display_group=4,https://www.bbprincess.com/web/upload/dfloor_base/sample/pc_icon/product_basket.png,https://www.bbprincess.com/
bbprincess,: 앙크최4130 (2026SS),75000,https://www.bbprincess.com/product/detail.html?product_no=129100&cate_no=1&display_group=4,https://www.bbprincess.com/web/upload/dfloor_base/sample/pc_icon/product_basket.png,https://www.bbprincess.com/
bbprincess,: 앙크최4143 (2026SS),75000,https://www.bbprincess.com/product/detail.html?product_no=129101&cate_no=1&display_group=4,https://www.bbprincess.com/web/upload/dfloor_base/sample/pc_icon/product_basket.png,https://www.bbprincess.com/
bbprincess,: 앙크최4144 (2026SS),84000,https://www.bbprincess.com/product/detail.html?product_no=129110&cate_no=1&display_group=4,https://www.bbprincess.com/web/upload/dfloor_base/sample/pc_icon/product_basket.png,https://www.bbprincess.com/
bbprincess,: 앙크최4153 (2026SS),116000,https://www.bbprincess.com/product/detail.html?product_no=128941&cate_no=1&display_group=4,https://www.bbprincess.com/web/upload/dfloor_base/sample/pc_icon/product_basket.png,https://www.bbprincess.com/
bbprincess,: 비비806 투피스,124000,https://www.bbprincess.com/product/detail.html?product_no=129413&cate_no=1&display_group=4,https://www.bbprincess.com/web/upload/dfloor_base/sample/pc_icon/product_basket.png,https://www.bbprincess.com/
bbprincess,: 비비809 투피스,116000,https://www.bbprincess.com/product/detail.html?product_no=129559&cate_no=1&display_group=4,https://www.bbprincess.com/web/upload/dfloor_base/sample/pc_icon/product_basket.png,https://www.bbprincess.com/
bbprincess,: 비비812 투피스,118000,https://www.bbprincess.com/product/detail.html?product_no=129632&cate_no=1&display_group=4,https://www.bbprincess.com/web/upload/custom_4816651081486437.gif,https://www.bbprincess.com/
bbprincess,: 비비816 투피스,113000,https://www.bbprincess.com/product/detail.html?product_no=129633&cate_no=1&display_group=4,https://www.bbprincess.com/web/upload/dfloor_base/sample/pc_icon/product_basket.png,https://www.bbprincess.com/
bbprincess,: 비비817 투피스,108000,https://www.bbprincess.com/product/detail.html?product_no=128867&cate_no=1&display_group=4,https://www.bbprincess.com/web/upload/custom_4816651081486437.gif,https://www.bbprincess.com/
bbprincess,: 블루밍735 버디,99000,https://www.bbprincess.com/product/detail.html?product_no=128869&cate_no=1&display_group=4,https://www.bbprincess.com/web/upload/dfloor_base/sample/pc_icon/product_basket.png,https://www.bbprincess.com/
bbprincess,: 블루밍737 패더,104000,https://www.bbprincess.com/product/detail.html?product_no=128870&cate_no=1&display_group=4,https://www.bbprincess.com/web/upload/dfloor_base/sample/pc_icon/product_basket.png,https://www.bbprincess.com/
bbprincess,: 블루밍738 로렌,104000,https://www.bbprincess.com/product/detail.html?product_no=129295&cate_no=1&display_group=4,https://www.bbprincess.com/web/upload/dfloor_base/sample/pc_icon/product_basket.png,https://www.bbprincess.com/
bbprincess,: 블루밍743 캔디오프핑,104000,https://www.bbprincess.com/product/detail.html?product_no=129297&cate_no=1&display_group=4,https://www.bbprincess.com/web/upload/dfloor_base/sample/pc_icon/product_basket.png,https://www.bbprincess.com/
bbprincess,: 블루밍745 파그핑,104000,https://www.bbprincess.com/product/detail.html?product_no=129388&cate_no=1&display_group=4,https://www.bbprincess.com/web/upload/dfloor_base/sample/pc_icon/product_basket.png,https://www.bbprincess.com/
bbprincess,: 블루밍749 클노이블,108000,https://www.bbprincess.com/product/detail.html?product_no=129390&cate_no=1&display_group=4,https://www.bbprincess.com/web/upload/dfloor_base/sample/pc_icon/product_basket.png,https://www.bbprincess.com/
bbprincess,: 블루밍751 리본하이넥핑,126000,https://www.bbprincess.com/product/detail.html?product_no=128898&cate_no=1&display_group=4,https://www.bbprincess.com/web/upload/dfloor_base/sample/pc_icon/product_basket.png,https://www.bbprincess.com/
bbprincess,: 지니379 꽃비즈미디핑,126000,https://www.bbprincess.com/product/detail.html?product_no=128899&cate_no=1&display_group=4,https://www.bbprincess.com/web/upload/dfloor_base/sample/pc_icon/product_basket.png,https://www.bbprincess.com/
bbprincess,: 지니380 진주버튼블,153000,https://www.bbprincess.com/product/detail.html?product_no=128902&cate_no=1&display_group=4,https://www.bbprincess.com/web/upload/dfloor_base/sample/pc_icon/product_basket.png,https://www.bbprincess.com/
bbprincess,: 지니383 진주사각투피스,126000,https://www.bbprincess.com/product/detail.html?product_no=129384&cate_no=1&display_group=4,https://www.bbprincess.com/web/upload/dfloor_base/sample/pc_icon/product_basket.png,https://www.bbprincess.com/
bbprincess,: 지니387 도트리본후레아노,122000,https://www.bbprincess.com/product/detail.html?product_no=128487&cate_no=1&display_group=4,https://www.bbprincess.com/web/upload/dfloor_base/sample/pc_icon/product_basket.png,https://www.bbprincess.com/
bbprincess,: 지니370 꽃비즈숄더,135000,https://www.bbprincess.com/product/detail.html?product_no=128515&cate_no=1&display_group=4,https://www.bbprincess.com/web/upload/dfloor_base/sample/pc_icon/product_basket.png,https://www.bbprincess.com/
bbprincess,: 지니374 숄더주름미니핑,111000,https://www.bbprincess.com/product/detail.html?product_no=129415&cate_no=1&display_group=4,https://www.bbprincess.com/web/upload/dfloor_base/sample/pc_icon/product_basket.png,https://www.bbprincess.com/
bbprincess,: 지니391 컷아웃핑,197000,https://www.bbprincess.com/product/detail.html?product_no=129417&cate_no=1&display_group=4,https://www.bbprincess.com/web/upload/dfloor_base/sample/pc_icon/product_basket.png,https://www.bbprincess.com/
bbprincess,: 지니393 플라워투피스핑,154000,https://www.bbprincess.com/product/detail.html?product_no=129738&cate_no=1&display_group=4,https://www.bbprincess.com/web/upload/custom_4816651081486437.gif,https://www.bbprincess.com/
bbprincess,: 지니396 훌숄더투피스그,126000,https://www.bbprincess.com/product/detail.html?product_no=129741&cate_no=1&display_group=4,https://www.bbprincess.com/web/upload/custom_4816651081486437.gif,https://www.bbprincess.com/
bbprincess,: 지니399 체크주름,126000,https://www.bbprincess.com/product/detail.html?product_no=129774&cate_no=1&display_group=4,https://www.bbprincess.com/web/upload/dfloor_base/sample/pc_icon/product_basket.png,https://www.bbprincess.com/
bbprincess,: 지니401 새틴리본핑,126000,https://www.bbprincess.com/product/detail.html?product_no=128392&cate_no=1&display_group=4,https://www.bbprincess.com/web/upload/dfloor_base/sample/pc_icon/product_basket.png,https://www.bbprincess.com/
bbprincess,: 실루엣SR331,111000,https://www.bbprincess.com/product/detail.html?product_no=128395&cate_no=1&display_group=4,https://www.bbprincess.com/web/upload/dfloor_base/sample/pc_icon/product_basket.png,https://www.bbprincess.com/
bbprincess,: 실루엣SR334,170000,https://www.bbprincess.com/product/detail.html?product_no=128859&cate_no=1&display_group=4,https://www.bbprincess.com/web/upload/dfloor_base/sample/pc_icon/product_basket.png,https://www.bbprincess.com/
bbprincess,: 실루엣SR335 투피스,122000,https://www.bbprincess.com/product/detail.html?product_no=128862&cate_no=1&display_group=4,https://www.bbprincess.com/web/upload/dfloor_base/sample/pc_icon/product_basket.png,https://www.bbprincess.com/
bbprincess,: 실루엣SR338,126000,https://www.bbprincess.com/product/detail.html?product_no=128945&cate_no=1&display_group=4,https://www.bbprincess.com/web/upload/dfloor_base/sample/pc_icon/product_basket.png,https://www.bbprincess.com/
bbprincess,: 실루엣SR341,111000,https://www.bbprincess.com/product/detail.html?product_no=128948&cate_no=1&display_group=4,https://www.bbprincess.com/web/upload/dfloor_base/sample/pc_icon/product_basket.png,https://www.bbprincess.com/
bbprincess,: 실루엣SR344,111000,https://www.bbprincess.com/product/detail.html?product_no=129410&cate_no=1&display_group=4,https://www.bbprincess.com/web/upload/dfloor_base/sample/pc_icon/product_basket.png,https://www.bbprincess.com/
bbprincess,: 실루엣SR346,106000,https://www.bbprincess.com/product/detail.html?product_no=129742&cate_no=1&display_group=4,https://www.bbprincess.com/web/upload/dfloor_base/sample/pc_icon/product_basket.png,https://www.bbprincess.com/
bbprincess,: 실루엣SR349,129000,https://www.bbprincess.com/product/detail.html?product_no=129745&cate_no=1&display_group=4,https://www.bbprincess.com/web/upload/dfloor_base/sample/pc_icon/product_basket.png,https://www.bbprincess.com/
bbprincess,: 실루엣SR352 투피스,126000,https://www.bbprincess.com/product/detail.html?product_no=129336&cate_no=1&display_group=4,https://www.bbprincess.com/web/upload/dfloor_base/sample/pc_icon/product_basket.png,https://www.bbprincess.com/
bbprincess,: 임마누엘S274 (2026SS),126000,https://www.bbprincess.com/product/detail.html?product_no=129456&cate_no=1&display_group=4,https://www.bbprincess.com/web/upload/dfloor_base/sample/pc_icon/product_basket.png,https://www.bbprincess.com/
bbprincess,: 임마누엘S357 (2026SS),126000,https://www.bbprincess.com/product/detail.html?product_no=129241&cate_no=1&display_group=4,https://www.bbprincess.com/web/upload/dfloor_base/sample/pc_icon/product_basket.png,https://www.bbprincess.com/
bbprincess,: 햅번S219 (2026SS),122000,https://www.bbprincess.com/product/detail.html?product_no=129244&cate_no=1&display_group=4,https://www.bbprincess.com/web/upload/dfloor_base/sample/pc_icon/product_basket.png,https://www.bbprincess.com/
bbprincess,: 햅번S222 (2026SS),126000,https://www.bbprincess.com/product/detail.html?product_no=129461&cate_no=1&display_group=4,https://www.bbprincess.com/web/upload/dfloor_base/sample/pc_icon/product_basket.png,https://www.bbprincess.com/
bbprincess,: 햅번S362 (2026SS),126000,https://www.bbprincess.com/product/detail.html?product_no=129464&cate_no=1&display_group=4,https://www.bbprincess.com/web/upload/dfloor_base/sample/pc_icon/product_basket.png,https://www.bbprincess.com/
bbprincess,: 햅번S365 (2026SS),113000,https://www.bbprincess.com/product/detail.html?product_no=129501&cate_no=1&display_group=4,https://www.bbprincess.com/web/upload/dfloor_base/sample/pc_icon/product_basket.png,https://www.bbprincess.com/
bbprincess,: 희야S402 (2026SS) 투피스,99000,https://www.bbprincess.com/product/detail.html?product_no=129503&cate_no=1&display_group=4,https://www.bbprincess.com/web/upload/dfloor_base/sample/pc_icon/product_basket.png,https://www.bbprincess.com/
bbprincess,: 희야S404 (2026SS) 투피스,84000,https://www.bbprincess.com/product/detail.html?product_no=129506&cate_no=1&display_group=4,https://www.bbprincess.com/web/upload/dfloor_base/sample/pc_icon/product_basket.png,https://www.bbprincess.com/
bbprincess,: 희야S407 (2026SS) 투피스,135000,https://www.bbprincess.com/product/detail.html?product_no=129691&cate_no=1&display_group=4,https://www.bbprincess.com/web/upload/dfloor_base/sample/pc_icon/product_basket.png,https://www.bbprincess.com/
bbprincess,: 희야S498 (2026SS),126000,https://www.bbprincess.com/product/detail.html?product_no=129356&cate_no=1&display_group=4,https://www.bbprincess.com/web/upload/dfloor_base/sample/pc_icon/product_basket.png,https://www.bbprincess.com/
bbprincess,: 지나S294 (2026SS),126000,https://www.bbprincess.com/product/detail.html?product_no=129359&cate_no=1&display_group=4,https://www.bbprincess.com/web/upload/dfloor_base/sample/pc_icon/product_basket.png,https://www.bbprincess.com/
bbprincess,: 지나S297 (2026SS),131000,https://www.bbprincess.com/product/detail.html?product_no=129490&cate_no=1&display_group=4,https://www.bbprincess.com/web/upload/dfloor_base/sample/pc_icon/product_basket.png,https://www.bbprincess.com/
bbprincess,: 지나S391 (2026SS),126000,https://www.bbprincess.com/product/detail.html?product_no=129492&cate_no=1&display_group=4,https://www.bbprincess.com/web/upload/dfloor_base/sample/pc_icon/product_basket.png,https://www.bbprincess.com/
bbprincess,: 지나S393 (2026SS),126000,https://www.bbprincess.com/product/detail.html?product_no=129493&cate_no=1&display_group=4,https://www.bbprincess.com/web/upload/dfloor_base/sample/pc_icon/product_basket.png,https://www.bbprincess.com/
bbprincess,: 지나S394 (2026SS),126000,https://www.bbprincess.com/product/detail.html?product_no=129669&cate_no=1&display_group=4,https://www.bbprincess.com/web/upload/dfloor_base/sample/pc_icon/product_basket.png,https://www.bbprincess.com/
bbprincess,: 지나S476 (2026SS),126000,https://www.bbprincess.com/product/detail.html?product_no=129671&cate_no=1&display_group=4,https://www.bbprincess.com/web/upload/dfloor_base/sample/pc_icon/product_basket.png,https://www.bbprincess.com/
bbprincess,: 지나S478 (2026SS),126000,https://www.bbprincess.com/product/detail.html?product_no=129707&cate_no=1&display_group=4,https://www.bbprincess.com/web/upload/dfloor_base/sample/pc_icon/product_basket.png,https://www.bbprincess.com/
bbprincess,: 지나S514 (2026SS),126000,https://www.bbprincess.com/product/detail.html?product_no=129710&cate_no=1&display_group=4,https://www.bbprincess.com/web/upload/dfloor_base/sample/pc_icon/product_basket.png,https://www.bbprincess.com/
bbprincess,: 지나S517 (2026SS),126000,https://www.bbprincess.com/product/detail.html?product_no=129711&cate_no=1&display_group=4,https://www.bbprincess.com/web/upload/dfloor_base/sample/pc_icon/product_basket.png,https://www.bbprincess.com/
bbprincess,: 지나S518 (2026SS),135000,https://www.bbprincess.com/product/detail.html?product_no=129258&cate_no=1&display_group=4,https://www.bbprincess.com/web/upload/dfloor_base/sample/pc_icon/product_basket.png,https://www.bbprincess.com/
bbprincess,: 펄S236 (2026SS),162000,https://www.bbprincess.com/product/detail.html?product_no=129259&cate_no=1&display_group=4,https://www.bbprincess.com/web/upload/dfloor_base/sample/pc_icon/product_basket.png,https://www.bbprincess.com/
bbprincess,: 펄S237 (2026SS) 투피스,162000,https://www.bbprincess.com/product/detail.html?product_no=129361&cate_no=1&display_group=4,https://www.bbprincess.com/web/upload/dfloor_base/sample/pc_icon/product_basket.png,https://www.bbprincess.com/
bbprincess,: 펄S299 (2026SS) 투피스,162000,https://www.bbprincess.com/product/detail.html?product_no=129362&cate_no=1&display_group=4,https://www.bbprincess.com/web/upload/dfloor_base/sample/pc_icon/product_basket.png,https://www.bbprincess.com/
bbprincess,: 펄S300 (2026SS) 투피스,162000,https://www.bbprincess.com/product/detail.html?product_no=129364&cate_no=1&display_group=4,https://www.bbprincess.com/web/upload/dfloor_base/sample/pc_icon/product_basket.png,https://www.bbprincess.com/
bbprincess,: 펄S302 (2026SS) 투피스,162000,https://www.bbprincess.com/product/detail.html?product_no=129496&cate_no=1&display_group=4,https://www.bbprincess.com/web/upload/dfloor_base/sample/pc_icon/product_basket.png,https://www.bbprincess.com/
bbprincess,: 펄S397 (2026SS) 투피스,162000,https://www.bbprincess.com/product/detail.html?product_no=129498&cate_no=1&display_group=4,https://www.bbprincess.com/web/upload/dfloor_base/sample/pc_icon/product_basket.png,https://www.bbprincess.com/
bbprincess,: 펄S399 (2026SS) 투피스,162000,https://www.bbprincess.com/product/detail.html?product_no=129499&cate_no=1&display_group=4,https://www.bbprincess.com/web/upload/dfloor_base/sample/pc_icon/product_basket.png,https://www.bbprincess.com/
bbprincess,: 펄S400 (2026SS) 투피스,135000,https://www.bbprincess.com/product/detail.html?product_no=129696&cate_no=1&display_group=4,https://www.bbprincess.com/web/upload/dfloor_base/sample/pc_icon/product_basket.png,https://www.bbprincess.com/
bbprincess,: 펄S503 (2026SS),135000,https://www.bbprincess.com/product/detail.html?product_no=129334&cate_no=1&display_group=4,https://www.bbprincess.com/web/upload/dfloor_base/sample/pc_icon/product_basket.png,https://www.bbprincess.com/
bbprincess,: 그레이스S272 (2026SS),171000,https://www.bbprincess.com/product/detail.html?product_no=129697&cate_no=1&display_group=4,https://www.bbprincess.com/web/upload/dfloor_base/sample/pc_icon/product_basket.png,https://www.bbprincess.com/
bbprincess,: 그레이스S504 (2026SS) 투피스,171000,https://www.bbprincess.com/product/detail.html?product_no=129701&cate_no=1&display_group=4,https://www.bbprincess.com/web/upload/dfloor_base/sample/pc_icon/product_basket.png,https://www.bbprincess.com/
bbprincess,: 그레이스S508 (2026SS) 투피스,135000,https://www.bbprincess.com/product/detail.html?product_no=129333&cate_no=1&display_group=4,https://www.bbprincess.com/web/upload/dfloor_base/sample/pc_icon/product_basket.png,https://www.bbprincess.com/
bbprincess,: 세윤S271 (2026SS),135000,https://www.bbprincess.com/product/detail.html?product_no=129466&cate_no=1&display_group=4,https://www.bbprincess.com/web/upload/dfloor_base/sample/pc_icon/product_basket.png,https://www.bbprincess.com/
bbprincess,: 세윤S367 (2026SS),135000,https://www.bbprincess.com/product/detail.html?product_no=129468&cate_no=1&display_group=4,https://www.bbprincess.com/web/upload/dfloor_base/sample/pc_icon/product_basket.png,https://www.bbprincess.com/
bbprincess,: 세윤S369 (2026SS),156000,https://www.bbprincess.com/product/detail.html?product_no=129504&cate_no=1&display_group=4,https://www.bbprincess.com/web/upload/dfloor_base/sample/pc_icon/product_basket.png,https://www.bbprincess.com/
bbprincess,: 세윤S405 (2026SS) 투피스,161000,https://www.bbprincess.com/product/detail.html?product_no=129667&cate_no=1&display_group=4,https://www.bbprincess.com/web/upload/dfloor_base/sample/pc_icon/product_basket.png,https://www.bbprincess.com/
bbprincess,앙크최4160 (2026SS),,https://www.bbprincess.com/product/detail.html?product_no=129117,,https://www.bbprincess.com/
bbprincess,앙크최4160 (2026SS),,https://www.bbprincess.com/product/detail.html?product_no=121244,,https://www.bbprincess.com/
bbprincess,앙크최4160 (2026SS),,https://www.bbprincess.com/product/detail.html?product_no=129048,,https://www.bbprincess.com/
bbprincess,임마누엘P268 (2024여름),,https://www.bbprincess.com/product/detail.html?product_no=129034,,https://www.bbprincess.com/
bbprincess,앙크최4092 (2026SS),,https://www.bbprincess.com/product/detail.html?product_no=128751,,https://www.bbprincess.com/
bbprincess,앙크최4078 (2026SS),,https://www.bbprincess.com/product/detail.html?product_no=128640,,https://www.bbprincess.com/
bbprincess,제시카107 (2026봄),,https://www.bbprincess.com/product/detail.html?product_no=127428,,https://www.bbprincess.com/
bbprincess,펄S131 (2026SS),,https://www.bbprincess.com/product/detail.html?product_no=127182,,https://www.bbprincess.com/
bbprincess,햅번R527 (2025FW),,https://www.bbprincess.com/product/detail.html?product_no=125625,,https://www.bbprincess.com/
bbprincess,펄Q885 (2025SS) 투피스,,https://www.bbprincess.com/product/detail.html?product_no=127334,,https://www.bbprincess.com/
