상품코드,공개상품명,카테고리,컬러,사이즈,공개설명,태그,이미지수,대표이미지
GRA-S888,진주넥 슬림 미디원피스,MIDI,이미지 참고,55 / 66 / 77 / 88 문의,"진주넥 슬림 미디원피스입니다. 바디 라인을 자연스럽게 살려주면서 사진에 잘 잡히는 실루엣의 신상 원피스입니다. 파티룩, 클럽룩, 촬영룩, 모임룩으로 활용하기 좋습니다.","NEW,8월신상,MIDI,미디,파티룩,클럽룩,촬영룩,방송의상,원피스",8,assets/aug01/grace/GRA-S888_01.jpg
GRA-S889,홀터넥 슬림 미디원피스,MIDI,이미지 참고,55 / 66 / 77 / 88 문의,"홀터넥 슬림 미디원피스입니다. 바디 라인을 자연스럽게 살려주면서 사진에 잘 잡히는 실루엣의 신상 원피스입니다. 파티룩, 클럽룩, 촬영룩, 모임룩으로 활용하기 좋습니다.","NEW,8월신상,MIDI,미디,파티룩,클럽룩,촬영룩,방송의상,원피스",8,assets/aug01/grace/GRA-S889_01.jpg
GRA-S890,체인홀터 슬림 미디원피스,MIDI,이미지 참고,55 / 66 / 77 / 88 문의,"체인홀터 슬림 미디원피스입니다. 바디 라인을 자연스럽게 살려주면서 사진에 잘 잡히는 실루엣의 신상 원피스입니다. 파티룩, 클럽룩, 촬영룩, 모임룩으로 활용하기 좋습니다.","NEW,8월신상,MIDI,미디,파티룩,클럽룩,촬영룩,방송의상,원피스",8,assets/aug01/grace/GRA-S890_01.jpg
SEY-S907,배색라인 플레어 원피스,MINI,이미지 참고,55 / 66 / 77 / 88 문의,"배색라인 플레어 원피스입니다. 바디 라인을 자연스럽게 살려주면서 사진에 잘 잡히는 실루엣의 신상 원피스입니다. 파티룩, 클럽룩, 촬영룩, 모임룩으로 활용하기 좋습니다.","NEW,8월신상,MINI,미니,파티룩,클럽룩,촬영룩,방송의상,원피스",8,assets/aug01/seyun/SEY-S907_01.jpg
SEY-S908,배색라인 플레어 원피스,MINI,이미지 참고,55 / 66 / 77 / 88 문의,"배색라인 플레어 원피스입니다. 바디 라인을 자연스럽게 살려주면서 사진에 잘 잡히는 실루엣의 신상 원피스입니다. 파티룩, 클럽룩, 촬영룩, 모임룩으로 활용하기 좋습니다.","NEW,8월신상,MINI,미니,파티룩,클럽룩,촬영룩,방송의상,원피스",8,assets/aug01/seyun/SEY-S908_01.jpg
SEY-S909,퍼프러플 미니원피스,MINI,이미지 참고,55 / 66 / 77 / 88 문의,"퍼프러플 미니원피스입니다. 바디 라인을 자연스럽게 살려주면서 사진에 잘 잡히는 실루엣의 신상 원피스입니다. 파티룩, 클럽룩, 촬영룩, 모임룩으로 활용하기 좋습니다.","NEW,8월신상,MINI,미니,파티룩,클럽룩,촬영룩,방송의상,원피스",8,assets/aug01/seyun/SEY-S909_01.jpg
SEY-S910,오프숄더 러플 원피스,MINI,이미지 참고,55 / 66 / 77 / 88 문의,"오프숄더 러플 원피스입니다. 바디 라인을 자연스럽게 살려주면서 사진에 잘 잡히는 실루엣의 신상 원피스입니다. 파티룩, 클럽룩, 촬영룩, 모임룩으로 활용하기 좋습니다.","NEW,8월신상,MINI,미니,파티룩,클럽룩,촬영룩,방송의상,원피스",8,assets/aug01/seyun/SEY-S910_01.jpg
SUN-S886,레이어드 플레어 원피스,MINI,이미지 참고,S / M,"레이어드 플레어 원피스입니다. 바디 라인을 자연스럽게 살려주면서 사진에 잘 잡히는 실루엣의 신상 원피스입니다. 파티룩, 클럽룩, 촬영룩, 모임룩으로 활용하기 좋습니다.","NEW,8월신상,MINI,미니,파티룩,클럽룩,촬영룩,방송의상,원피스",9,assets/aug01/sunny/SUN-S886_01.jpg
SUN-S887,쉬폰 플레어 미니원피스,MINI,이미지 참고,S / M,"쉬폰 플레어 미니원피스입니다. 바디 라인을 자연스럽게 살려주면서 사진에 잘 잡히는 실루엣의 신상 원피스입니다. 파티룩, 클럽룩, 촬영룩, 모임룩으로 활용하기 좋습니다.","NEW,8월신상,MINI,미니,파티룩,클럽룩,촬영룩,방송의상,원피스",9,assets/aug01/sunny/SUN-S887_01.jpg
JINA-S878,브이넥 홀터 투피스,TWO PIECE,이미지 참고,55 / 66 / 77 / 88 문의,"브이넥 홀터 투피스입니다. 상의와 하의가 함께 구성되어 한 벌만으로도 완성도 있는 스타일을 연출하기 좋습니다. 파티룩, 촬영룩, 모임룩으로 활용하기 좋은 신상 셀렉션입니다.","NEW,8월신상,TWO PIECE,투피스,파티룩,클럽룩,촬영룩,방송의상,세트룩",8,assets/aug01/jina/JINA-S878_01.jpg
JINA-S879,브이넥 홀터 투피스,TWO PIECE,이미지 참고,55 / 66 / 77 / 88 문의,"브이넥 홀터 투피스입니다. 상의와 하의가 함께 구성되어 한 벌만으로도 완성도 있는 스타일을 연출하기 좋습니다. 파티룩, 촬영룩, 모임룩으로 활용하기 좋은 신상 셀렉션입니다.","NEW,8월신상,TWO PIECE,투피스,파티룩,클럽룩,촬영룩,방송의상,세트룩",8,assets/aug01/jina/JINA-S879_01.jpg
JINA-S880,원숄더 슬릿 원피스,MINI,이미지 참고,55 / 66 / 77 / 88 문의,"원숄더 슬릿 원피스입니다. 바디 라인을 자연스럽게 살려주면서 사진에 잘 잡히는 실루엣의 신상 원피스입니다. 파티룩, 클럽룩, 촬영룩, 모임룩으로 활용하기 좋습니다.","NEW,8월신상,MINI,미니,파티룩,클럽룩,촬영룩,방송의상,원피스",8,assets/aug01/jina/JINA-S880_01.jpg
JINA-S881,홀터 슬릿 원피스,MINI,이미지 참고,55 / 66 / 77 / 88 문의,"홀터 슬릿 원피스입니다. 바디 라인을 자연스럽게 살려주면서 사진에 잘 잡히는 실루엣의 신상 원피스입니다. 파티룩, 클럽룩, 촬영룩, 모임룩으로 활용하기 좋습니다.","NEW,8월신상,MINI,미니,파티룩,클럽룩,촬영룩,방송의상,원피스",8,assets/aug01/jina/JINA-S881_01.jpg
JINA-S917,프릴라인 슬릿 원피스,MINI,이미지 참고,55 / 66 / 77 / 88 문의,"프릴라인 슬릿 원피스입니다. 바디 라인을 자연스럽게 살려주면서 사진에 잘 잡히는 실루엣의 신상 원피스입니다. 파티룩, 클럽룩, 촬영룩, 모임룩으로 활용하기 좋습니다.","NEW,8월신상,MINI,미니,파티룩,클럽룩,촬영룩,방송의상,원피스",8,assets/aug01/jina/JINA-S917_01.jpg
JINA-S918,프릴라인 슬릿 원피스,MINI,이미지 참고,55 / 66 / 77 / 88 문의,"프릴라인 슬릿 원피스입니다. 바디 라인을 자연스럽게 살려주면서 사진에 잘 잡히는 실루엣의 신상 원피스입니다. 파티룩, 클럽룩, 촬영룩, 모임룩으로 활용하기 좋습니다.","NEW,8월신상,MINI,미니,파티룩,클럽룩,촬영룩,방송의상,원피스",8,assets/aug01/jina/JINA-S918_01.jpg
JINA-S919,원숄더 드레이프 원피스,MINI,이미지 참고,55 / 66 / 77 / 88 문의,"원숄더 드레이프 원피스입니다. 바디 라인을 자연스럽게 살려주면서 사진에 잘 잡히는 실루엣의 신상 원피스입니다. 파티룩, 클럽룩, 촬영룩, 모임룩으로 활용하기 좋습니다.","NEW,8월신상,MINI,미니,파티룩,클럽룩,촬영룩,방송의상,원피스",8,assets/aug01/jina/JINA-S919_01.jpg
JINA-S920,원숄더 드레이프 원피스,MINI,이미지 참고,55 / 66 / 77 / 88 문의,"원숄더 드레이프 원피스입니다. 바디 라인을 자연스럽게 살려주면서 사진에 잘 잡히는 실루엣의 신상 원피스입니다. 파티룩, 클럽룩, 촬영룩, 모임룩으로 활용하기 좋습니다.","NEW,8월신상,MINI,미니,파티룩,클럽룩,촬영룩,방송의상,원피스",8,assets/aug01/jina/JINA-S920_01.jpg
TIA-S856,핀턱 나시탑,TOP,크림 / 블랙,S / M,핀턱 나시탑입니다. 단독 착용은 물론 스커트나 슬림한 하의와 함께 코디하기 좋은 상의 아이템입니다. 컬러는 크림 / 블랙 계열로 준비되어 있습니다. 여성스러운 포인트가 있어 파티룩과 데일리 포인트룩 모두에 활용하기 좋습니다.,"NEW,8월신상,TOP,상의,파티룩,클럽룩,촬영룩,방송의상,블라우스,나시탑,크림,블랙",10,assets/aug01/tiara/TIA-S856_01.jpg
TIA-S857,매듭 플라워 나시탑,TOP,아이보리 / 블랙,S / M,매듭 플라워 나시탑입니다. 단독 착용은 물론 스커트나 슬림한 하의와 함께 코디하기 좋은 상의 아이템입니다. 컬러는 아이보리 / 블랙 계열로 준비되어 있습니다. 여성스러운 포인트가 있어 파티룩과 데일리 포인트룩 모두에 활용하기 좋습니다.,"NEW,8월신상,TOP,상의,파티룩,클럽룩,촬영룩,방송의상,블라우스,나시탑,아이보리,블랙",11,assets/aug01/tiara/TIA-S857_01.jpg
TIA-S858,몽환 레이스 블라우스,TOP,크림,S / M,몽환 레이스 블라우스입니다. 단독 착용은 물론 스커트나 슬림한 하의와 함께 코디하기 좋은 상의 아이템입니다. 컬러는 크림 계열로 준비되어 있습니다. 여성스러운 포인트가 있어 파티룩과 데일리 포인트룩 모두에 활용하기 좋습니다.,"NEW,8월신상,TOP,상의,파티룩,클럽룩,촬영룩,방송의상,블라우스,나시탑,크림",7,assets/aug01/tiara/TIA-S858_01.jpg
TIA-S859,플라워 미니 스커트,SKIRT,네이비 / 블랙,S / M,플라워 미니 스커트입니다. 허리 라인을 자연스럽게 잡아주며 다양한 상의와 매치하기 좋은 미니 스커트입니다. 컬러는 네이비 / 블랙 계열로 준비되어 있습니다. 깔끔한 상의와 함께 코디하면 포인트 있는 스타일을 연출할 수 있습니다.,"NEW,8월신상,SKIRT,미니,파티룩,클럽룩,촬영룩,방송의상,스커트,미니스커트,네이비,블랙",10,assets/aug01/tiara/TIA-S859_01.jpg
TIA-S860,에어리 벨트 원피스,MINI,블랙,S / M,"에어리 벨트 원피스입니다. 바디 라인을 자연스럽게 살려주면서 사진에 잘 잡히는 실루엣의 신상 원피스입니다. 컬러는 블랙 계열로 준비되어 있습니다. 파티룩, 클럽룩, 촬영룩, 모임룩으로 활용하기 좋습니다.","NEW,8월신상,MINI,미니,파티룩,클럽룩,촬영룩,방송의상,원피스,블랙",8,assets/aug01/tiara/TIA-S860_01.jpg
TIA-S861,릴리 블라썸 원피스,TOP,옐로우,S / M,릴리 블라썸 원피스입니다. 단독 착용은 물론 스커트나 슬림한 하의와 함께 코디하기 좋은 상의 아이템입니다. 컬러는 옐로우 계열로 준비되어 있습니다. 여성스러운 포인트가 있어 파티룩과 데일리 포인트룩 모두에 활용하기 좋습니다.,"NEW,8월신상,TOP,상의,파티룩,클럽룩,촬영룩,방송의상,블라우스,나시탑,옐로우",8,assets/aug01/tiara/TIA-S861_01.jpg
TIA-S862,나비 초커 원피스,MINI,크림 / 블랙,S / M,"나비 초커 원피스입니다. 바디 라인을 자연스럽게 살려주면서 사진에 잘 잡히는 실루엣의 신상 원피스입니다. 컬러는 크림 / 블랙 계열로 준비되어 있습니다. 파티룩, 클럽룩, 촬영룩, 모임룩으로 활용하기 좋습니다.","NEW,8월신상,MINI,미니,파티룩,클럽룩,촬영룩,방송의상,원피스,크림,블랙",8,assets/aug01/tiara/TIA-S862_01.jpg
TIA-S863,나비 초커 원피스,MINI,크림 / 블랙,S / M,"나비 초커 원피스입니다. 바디 라인을 자연스럽게 살려주면서 사진에 잘 잡히는 실루엣의 신상 원피스입니다. 컬러는 크림 / 블랙 계열로 준비되어 있습니다. 파티룩, 클럽룩, 촬영룩, 모임룩으로 활용하기 좋습니다.","NEW,8월신상,MINI,미니,파티룩,클럽룩,촬영룩,방송의상,원피스,크림,블랙",8,assets/aug01/tiara/TIA-S863_01.jpg
TIA-S864,클린 레이스 투피스,TWO PIECE,아이보리 / 블랙,FREE,"클린 레이스 투피스입니다. 상의와 하의가 함께 구성되어 한 벌만으로도 완성도 있는 스타일을 연출하기 좋습니다. 컬러는 아이보리 / 블랙 계열로 준비되어 있습니다. 파티룩, 촬영룩, 모임룩으로 활용하기 좋은 신상 셀렉션입니다.","NEW,8월신상,TWO PIECE,투피스,파티룩,클럽룩,촬영룩,방송의상,세트룩,아이보리,블랙",8,assets/aug01/tiara/TIA-S864_01.jpg
TIA-S865,클린 레이스 투피스,TWO PIECE,아이보리 / 블랙,FREE,"클린 레이스 투피스입니다. 상의와 하의가 함께 구성되어 한 벌만으로도 완성도 있는 스타일을 연출하기 좋습니다. 컬러는 아이보리 / 블랙 계열로 준비되어 있습니다. 파티룩, 촬영룩, 모임룩으로 활용하기 좋은 신상 셀렉션입니다.","NEW,8월신상,TWO PIECE,투피스,파티룩,클럽룩,촬영룩,방송의상,세트룩,아이보리,블랙",8,assets/aug01/tiara/TIA-S865_01.jpg
TIA-S866,님버스 투피스,TWO PIECE,크림,S / M,"님버스 투피스입니다. 상의와 하의가 함께 구성되어 한 벌만으로도 완성도 있는 스타일을 연출하기 좋습니다. 컬러는 크림 계열로 준비되어 있습니다. 파티룩, 촬영룩, 모임룩으로 활용하기 좋은 신상 셀렉션입니다.","NEW,8월신상,TWO PIECE,투피스,파티룩,클럽룩,촬영룩,방송의상,세트룩,크림",8,assets/aug01/tiara/TIA-S866_01.jpg
TIA-S867,드레이핑 원피스,MINI,차콜그레이 / 차콜 / 그레이,S / M,"드레이핑 원피스입니다. 바디 라인을 자연스럽게 살려주면서 사진에 잘 잡히는 실루엣의 신상 원피스입니다. 컬러는 차콜그레이 / 차콜 / 그레이 계열로 준비되어 있습니다. 파티룩, 클럽룩, 촬영룩, 모임룩으로 활용하기 좋습니다.","NEW,8월신상,MINI,미니,파티룩,클럽룩,촬영룩,방송의상,원피스,차콜그레이,차콜,그레이",8,assets/aug01/tiara/TIA-S867_01.jpg
TIA-S868,노아 드레이핑 원피스,MINI,핑크 / 아이보리 / 블랙,S / M,"노아 드레이핑 원피스입니다. 바디 라인을 자연스럽게 살려주면서 사진에 잘 잡히는 실루엣의 신상 원피스입니다. 컬러는 핑크 / 아이보리 / 블랙 계열로 준비되어 있습니다. 파티룩, 클럽룩, 촬영룩, 모임룩으로 활용하기 좋습니다.","NEW,8월신상,MINI,미니,파티룩,클럽룩,촬영룩,방송의상,원피스,핑크,아이보리,블랙",8,assets/aug01/tiara/TIA-S868_01.jpg
TIA-S869,노아 드레이핑 원피스,MINI,핑크 / 아이보리 / 블랙,S / M,"노아 드레이핑 원피스입니다. 바디 라인을 자연스럽게 살려주면서 사진에 잘 잡히는 실루엣의 신상 원피스입니다. 컬러는 핑크 / 아이보리 / 블랙 계열로 준비되어 있습니다. 파티룩, 클럽룩, 촬영룩, 모임룩으로 활용하기 좋습니다.","NEW,8월신상,MINI,미니,파티룩,클럽룩,촬영룩,방송의상,원피스,핑크,아이보리,블랙",8,assets/aug01/tiara/TIA-S869_01.jpg
TIA-S870,깔루아 버튼 원피스,MINI,민트 / 아이보리,S / M,"깔루아 버튼 원피스입니다. 바디 라인을 자연스럽게 살려주면서 사진에 잘 잡히는 실루엣의 신상 원피스입니다. 컬러는 민트 / 아이보리 계열로 준비되어 있습니다. 파티룩, 클럽룩, 촬영룩, 모임룩으로 활용하기 좋습니다.","NEW,8월신상,MINI,미니,파티룩,클럽룩,촬영룩,방송의상,원피스,민트,아이보리",8,assets/aug01/tiara/TIA-S870_01.jpg
TIA-S871,깔루아 버튼 원피스,MINI,민트 / 아이보리,S / M,"깔루아 버튼 원피스입니다. 바디 라인을 자연스럽게 살려주면서 사진에 잘 잡히는 실루엣의 신상 원피스입니다. 컬러는 민트 / 아이보리 계열로 준비되어 있습니다. 파티룩, 클럽룩, 촬영룩, 모임룩으로 활용하기 좋습니다.","NEW,8월신상,MINI,미니,파티룩,클럽룩,촬영룩,방송의상,원피스,민트,아이보리",8,assets/aug01/tiara/TIA-S871_01.jpg
TIA-S872,아우라 꼬임 원피스,MINI,블랙 / 아이보리,S / M,"아우라 꼬임 원피스입니다. 바디 라인을 자연스럽게 살려주면서 사진에 잘 잡히는 실루엣의 신상 원피스입니다. 컬러는 블랙 / 아이보리 계열로 준비되어 있습니다. 파티룩, 클럽룩, 촬영룩, 모임룩으로 활용하기 좋습니다.","NEW,8월신상,MINI,미니,파티룩,클럽룩,촬영룩,방송의상,원피스,블랙,아이보리",8,assets/aug01/tiara/TIA-S872_01.jpg
TIA-S873,그리니치 투피스,TWO PIECE,핑크 스트라이프 / 핑크,S / M,"그리니치 투피스입니다. 상의와 하의가 함께 구성되어 한 벌만으로도 완성도 있는 스타일을 연출하기 좋습니다. 컬러는 핑크 스트라이프 / 핑크 계열로 준비되어 있습니다. 파티룩, 촬영룩, 모임룩으로 활용하기 좋은 신상 셀렉션입니다.","NEW,8월신상,TWO PIECE,투피스,파티룩,클럽룩,촬영룩,방송의상,세트룩,핑크 스트라이프,핑크",8,assets/aug01/tiara/TIA-S873_01.jpg
TIA-S874,모네 니트 원피스,MINI,베이지,S / M,"모네 니트 원피스입니다. 바디 라인을 자연스럽게 살려주면서 사진에 잘 잡히는 실루엣의 신상 원피스입니다. 컬러는 베이지 계열로 준비되어 있습니다. 파티룩, 클럽룩, 촬영룩, 모임룩으로 활용하기 좋습니다.","NEW,8월신상,MINI,미니,파티룩,클럽룩,촬영룩,방송의상,원피스,베이지",8,assets/aug01/tiara/TIA-S874_01.jpg
TIA-S875,스트랩 플리츠 원피스,MINI,라벤더핑크 / 핑크,S / M,"스트랩 플리츠 원피스입니다. 바디 라인을 자연스럽게 살려주면서 사진에 잘 잡히는 실루엣의 신상 원피스입니다. 컬러는 라벤더핑크 / 핑크 계열로 준비되어 있습니다. 파티룩, 클럽룩, 촬영룩, 모임룩으로 활용하기 좋습니다.","NEW,8월신상,MINI,미니,파티룩,클럽룩,촬영룩,방송의상,원피스,라벤더핑크,핑크",8,assets/aug01/tiara/TIA-S875_01.jpg
TIA-S876,세피아 쉬폰 투피스,TWO PIECE,베이지 / 아이보리,S / M,"세피아 쉬폰 투피스입니다. 상의와 하의가 함께 구성되어 한 벌만으로도 완성도 있는 스타일을 연출하기 좋습니다. 컬러는 베이지 / 아이보리 계열로 준비되어 있습니다. 파티룩, 촬영룩, 모임룩으로 활용하기 좋은 신상 셀렉션입니다.","NEW,8월신상,TWO PIECE,투피스,파티룩,클럽룩,촬영룩,방송의상,세트룩,베이지,아이보리",9,assets/aug01/tiara/TIA-S876_01.jpg
TIA-S877,티어드 미니 원피스,MINI,아이보리,S / M,"티어드 미니 원피스입니다. 바디 라인을 자연스럽게 살려주면서 사진에 잘 잡히는 실루엣의 신상 원피스입니다. 컬러는 아이보리 계열로 준비되어 있습니다. 파티룩, 클럽룩, 촬영룩, 모임룩으로 활용하기 좋습니다.","NEW,8월신상,MINI,미니,파티룩,클럽룩,촬영룩,방송의상,원피스,아이보리",8,assets/aug01/tiara/TIA-S877_01.jpg
TIA-S891,샌드듄 셔링 원피스,MINI,샌드,S / M,"샌드듄 셔링 원피스입니다. 바디 라인을 자연스럽게 살려주면서 사진에 잘 잡히는 실루엣의 신상 원피스입니다. 컬러는 샌드 계열로 준비되어 있습니다. 파티룩, 클럽룩, 촬영룩, 모임룩으로 활용하기 좋습니다.","NEW,8월신상,MINI,미니,파티룩,클럽룩,촬영룩,방송의상,원피스,샌드",8,assets/aug01/tiara/TIA-S891_01.jpg
TIA-S892,스크류 미니 원피스,MINI,옐로우 / 핑크,S / M,"스크류 미니 원피스입니다. 바디 라인을 자연스럽게 살려주면서 사진에 잘 잡히는 실루엣의 신상 원피스입니다. 컬러는 옐로우 / 핑크 계열로 준비되어 있습니다. 파티룩, 클럽룩, 촬영룩, 모임룩으로 활용하기 좋습니다.","NEW,8월신상,MINI,미니,파티룩,클럽룩,촬영룩,방송의상,원피스,옐로우,핑크",8,assets/aug01/tiara/TIA-S892_01.jpg
TIA-S893,스크류 미니 원피스,MINI,옐로우 / 핑크,S / M,"스크류 미니 원피스입니다. 바디 라인을 자연스럽게 살려주면서 사진에 잘 잡히는 실루엣의 신상 원피스입니다. 컬러는 옐로우 / 핑크 계열로 준비되어 있습니다. 파티룩, 클럽룩, 촬영룩, 모임룩으로 활용하기 좋습니다.","NEW,8월신상,MINI,미니,파티룩,클럽룩,촬영룩,방송의상,원피스,옐로우,핑크",8,assets/aug01/tiara/TIA-S893_01.jpg
TIA-S894,스와니예 롱 원피스,LONG,화이트,S / M,"스와니예 롱 원피스입니다. 바디 라인을 자연스럽게 살려주면서 사진에 잘 잡히는 실루엣의 신상 원피스입니다. 컬러는 화이트 계열로 준비되어 있습니다. 파티룩, 클럽룩, 촬영룩, 모임룩으로 활용하기 좋습니다.","NEW,8월신상,LONG,롱,파티룩,클럽룩,촬영룩,방송의상,원피스,화이트",8,assets/aug01/tiara/TIA-S894_01.jpg
TIA-S895,블랑 쉬폰 투피스,TWO PIECE,이미지 참고,S / M,"블랑 쉬폰 투피스입니다. 상의와 하의가 함께 구성되어 한 벌만으로도 완성도 있는 스타일을 연출하기 좋습니다. 파티룩, 촬영룩, 모임룩으로 활용하기 좋은 신상 셀렉션입니다.","NEW,8월신상,TWO PIECE,투피스,파티룩,클럽룩,촬영룩,방송의상,세트룩",8,assets/aug01/tiara/TIA-S895_01.jpg
TIA-S896,트리밍 버튼 원피스,MINI,아이보리,S / M,"트리밍 버튼 원피스입니다. 바디 라인을 자연스럽게 살려주면서 사진에 잘 잡히는 실루엣의 신상 원피스입니다. 컬러는 아이보리 계열로 준비되어 있습니다. 파티룩, 클럽룩, 촬영룩, 모임룩으로 활용하기 좋습니다.","NEW,8월신상,MINI,미니,파티룩,클럽룩,촬영룩,방송의상,원피스,아이보리",8,assets/aug01/tiara/TIA-S896_01.jpg
TIA-S897,돌리 카라 투피스,TWO PIECE,블랙 / 소라 / 그레이,S / M,"돌리 카라 투피스입니다. 상의와 하의가 함께 구성되어 한 벌만으로도 완성도 있는 스타일을 연출하기 좋습니다. 컬러는 블랙 / 소라 / 그레이 계열로 준비되어 있습니다. 파티룩, 촬영룩, 모임룩으로 활용하기 좋은 신상 셀렉션입니다.","NEW,8월신상,TWO PIECE,투피스,파티룩,클럽룩,촬영룩,방송의상,세트룩,블랙,소라,그레이",8,assets/aug01/tiara/TIA-S897_01.jpg
TIA-S898,돌리 카라 투피스,TWO PIECE,블랙 / 소라 / 그레이,S / M,"돌리 카라 투피스입니다. 상의와 하의가 함께 구성되어 한 벌만으로도 완성도 있는 스타일을 연출하기 좋습니다. 컬러는 블랙 / 소라 / 그레이 계열로 준비되어 있습니다. 파티룩, 촬영룩, 모임룩으로 활용하기 좋은 신상 셀렉션입니다.","NEW,8월신상,TWO PIECE,투피스,파티룩,클럽룩,촬영룩,방송의상,세트룩,블랙,소라,그레이",8,assets/aug01/tiara/TIA-S898_01.jpg
TIA-S899,돌리 카라 투피스,TWO PIECE,블랙 / 소라 / 그레이,S / M,"돌리 카라 투피스입니다. 상의와 하의가 함께 구성되어 한 벌만으로도 완성도 있는 스타일을 연출하기 좋습니다. 컬러는 블랙 / 소라 / 그레이 계열로 준비되어 있습니다. 파티룩, 촬영룩, 모임룩으로 활용하기 좋은 신상 셀렉션입니다.","NEW,8월신상,TWO PIECE,투피스,파티룩,클럽룩,촬영룩,방송의상,세트룩,블랙,소라,그레이",8,assets/aug01/tiara/TIA-S899_01.jpg
TIA-S900,프리마 미니 원피스,MINI,이미지 참고,FREE,"프리마 미니 원피스입니다. 바디 라인을 자연스럽게 살려주면서 사진에 잘 잡히는 실루엣의 신상 원피스입니다. 파티룩, 클럽룩, 촬영룩, 모임룩으로 활용하기 좋습니다.","NEW,8월신상,MINI,미니,파티룩,클럽룩,촬영룩,방송의상,원피스",8,assets/aug01/tiara/TIA-S900_01.jpg
TIA-S901,프리마 미니 원피스,MINI,이미지 참고,FREE,"프리마 미니 원피스입니다. 바디 라인을 자연스럽게 살려주면서 사진에 잘 잡히는 실루엣의 신상 원피스입니다. 파티룩, 클럽룩, 촬영룩, 모임룩으로 활용하기 좋습니다.","NEW,8월신상,MINI,미니,파티룩,클럽룩,촬영룩,방송의상,원피스",8,assets/aug01/tiara/TIA-S901_01.jpg
TIA-S902,프레야 카라 원피스,MINI,베이지,S / M,"프레야 카라 원피스입니다. 바디 라인을 자연스럽게 살려주면서 사진에 잘 잡히는 실루엣의 신상 원피스입니다. 컬러는 베이지 계열로 준비되어 있습니다. 파티룩, 클럽룩, 촬영룩, 모임룩으로 활용하기 좋습니다.","NEW,8월신상,MINI,미니,파티룩,클럽룩,촬영룩,방송의상,원피스,베이지",8,assets/aug01/tiara/TIA-S902_01.jpg
TIA-S903,트리니티 미니 원피스,MINI,민트,FREE,"트리니티 미니 원피스입니다. 바디 라인을 자연스럽게 살려주면서 사진에 잘 잡히는 실루엣의 신상 원피스입니다. 컬러는 민트 계열로 준비되어 있습니다. 파티룩, 클럽룩, 촬영룩, 모임룩으로 활용하기 좋습니다.","NEW,8월신상,MINI,미니,파티룩,클럽룩,촬영룩,방송의상,원피스,민트",8,assets/aug01/tiara/TIA-S903_01.jpg
TIA-S904,트리니티 미디 원피스,MIDI,모카,FREE,"트리니티 미디 원피스입니다. 바디 라인을 자연스럽게 살려주면서 사진에 잘 잡히는 실루엣의 신상 원피스입니다. 컬러는 모카 계열로 준비되어 있습니다. 파티룩, 클럽룩, 촬영룩, 모임룩으로 활용하기 좋습니다.","NEW,8월신상,MIDI,미디,파티룩,클럽룩,촬영룩,방송의상,원피스,모카",8,assets/aug01/tiara/TIA-S904_01.jpg
TIA-S905,보우타이 투피스,TWO PIECE,화이트 / 차콜,S / M,"보우타이 투피스입니다. 상의와 하의가 함께 구성되어 한 벌만으로도 완성도 있는 스타일을 연출하기 좋습니다. 컬러는 화이트 / 차콜 계열로 준비되어 있습니다. 파티룩, 촬영룩, 모임룩으로 활용하기 좋은 신상 셀렉션입니다.","NEW,8월신상,TWO PIECE,투피스,파티룩,클럽룩,촬영룩,방송의상,세트룩,화이트,차콜",8,assets/aug01/tiara/TIA-S905_01.jpg
TIA-S906,보우타이 투피스,TWO PIECE,화이트 / 차콜,S / M,"보우타이 투피스입니다. 상의와 하의가 함께 구성되어 한 벌만으로도 완성도 있는 스타일을 연출하기 좋습니다. 컬러는 화이트 / 차콜 계열로 준비되어 있습니다. 파티룩, 촬영룩, 모임룩으로 활용하기 좋은 신상 셀렉션입니다.","NEW,8월신상,TWO PIECE,투피스,파티룩,클럽룩,촬영룩,방송의상,세트룩,화이트,차콜",8,assets/aug01/tiara/TIA-S906_01.jpg
TIA-S921,이자벨 레이스 투피스,TWO PIECE,핑크 / 아이보리 / 블랙,S / M,"이자벨 레이스 투피스입니다. 상의와 하의가 함께 구성되어 한 벌만으로도 완성도 있는 스타일을 연출하기 좋습니다. 컬러는 핑크 / 아이보리 / 블랙 계열로 준비되어 있습니다. 파티룩, 촬영룩, 모임룩으로 활용하기 좋은 신상 셀렉션입니다.","NEW,8월신상,TWO PIECE,투피스,파티룩,클럽룩,촬영룩,방송의상,세트룩,핑크,아이보리,블랙",9,assets/aug01/tiara/TIA-S921_01.jpg
TIA-S922,이자벨 레이스 투피스,TWO PIECE,핑크 / 아이보리 / 블랙,S / M,"이자벨 레이스 투피스입니다. 상의와 하의가 함께 구성되어 한 벌만으로도 완성도 있는 스타일을 연출하기 좋습니다. 컬러는 핑크 / 아이보리 / 블랙 계열로 준비되어 있습니다. 파티룩, 촬영룩, 모임룩으로 활용하기 좋은 신상 셀렉션입니다.","NEW,8월신상,TWO PIECE,투피스,파티룩,클럽룩,촬영룩,방송의상,세트룩,핑크,아이보리,블랙",9,assets/aug01/tiara/TIA-S922_01.jpg
TIA-S923,이자벨 레이스 투피스,TWO PIECE,핑크 / 아이보리 / 블랙,S / M,"이자벨 레이스 투피스입니다. 상의와 하의가 함께 구성되어 한 벌만으로도 완성도 있는 스타일을 연출하기 좋습니다. 컬러는 핑크 / 아이보리 / 블랙 계열로 준비되어 있습니다. 파티룩, 촬영룩, 모임룩으로 활용하기 좋은 신상 셀렉션입니다.","NEW,8월신상,TWO PIECE,투피스,파티룩,클럽룩,촬영룩,방송의상,세트룩,핑크,아이보리,블랙",9,assets/aug01/tiara/TIA-S923_01.jpg
TIA-S924,도슨트 블라우스 투피스,TWO PIECE,크림 / 아이보리 / 블랙,S / M,"도슨트 블라우스 투피스입니다. 상의와 하의가 함께 구성되어 한 벌만으로도 완성도 있는 스타일을 연출하기 좋습니다. 컬러는 크림 / 아이보리 / 블랙 계열로 준비되어 있습니다. 파티룩, 촬영룩, 모임룩으로 활용하기 좋은 신상 셀렉션입니다.","NEW,8월신상,TWO PIECE,투피스,파티룩,클럽룩,촬영룩,방송의상,세트룩,크림,아이보리,블랙",9,assets/aug01/tiara/TIA-S924_01.jpg
TIA-S925,도슨트 블라우스 투피스,TWO PIECE,크림 / 아이보리 / 블랙,S / M,"도슨트 블라우스 투피스입니다. 상의와 하의가 함께 구성되어 한 벌만으로도 완성도 있는 스타일을 연출하기 좋습니다. 컬러는 크림 / 아이보리 / 블랙 계열로 준비되어 있습니다. 파티룩, 촬영룩, 모임룩으로 활용하기 좋은 신상 셀렉션입니다.","NEW,8월신상,TWO PIECE,투피스,파티룩,클럽룩,촬영룩,방송의상,세트룩,크림,아이보리,블랙",9,assets/aug01/tiara/TIA-S925_01.jpg
TIA-S926,도슨트 블라우스 투피스,TWO PIECE,크림 / 아이보리 / 블랙,S / M,"도슨트 블라우스 투피스입니다. 상의와 하의가 함께 구성되어 한 벌만으로도 완성도 있는 스타일을 연출하기 좋습니다. 컬러는 크림 / 아이보리 / 블랙 계열로 준비되어 있습니다. 파티룩, 촬영룩, 모임룩으로 활용하기 좋은 신상 셀렉션입니다.","NEW,8월신상,TWO PIECE,투피스,파티룩,클럽룩,촬영룩,방송의상,세트룩,크림,아이보리,블랙",9,assets/aug01/tiara/TIA-S926_01.jpg
TIA-S927,마가리타 트위드 투피스,TWO PIECE,핑크,S / M,"마가리타 트위드 투피스입니다. 상의와 하의가 함께 구성되어 한 벌만으로도 완성도 있는 스타일을 연출하기 좋습니다. 컬러는 핑크 계열로 준비되어 있습니다. 파티룩, 촬영룩, 모임룩으로 활용하기 좋은 신상 셀렉션입니다.","NEW,8월신상,TWO PIECE,투피스,파티룩,클럽룩,촬영룩,방송의상,세트룩,핑크",8,assets/aug01/tiara/TIA-S927_01.jpg
TIA-S928,터치벨트 팬츠 투피스,TWO PIECE,아이보리 / 블랙,FREE,"터치벨트 팬츠 투피스입니다. 상의와 하의가 함께 구성되어 한 벌만으로도 완성도 있는 스타일을 연출하기 좋습니다. 컬러는 아이보리 / 블랙 계열로 준비되어 있습니다. 파티룩, 촬영룩, 모임룩으로 활용하기 좋은 신상 셀렉션입니다.","NEW,8월신상,TWO PIECE,투피스,파티룩,클럽룩,촬영룩,방송의상,세트룩,아이보리,블랙",9,assets/aug01/tiara/TIA-S928_01.jpg
TIA-S929,터치벨트 팬츠 투피스,TWO PIECE,아이보리 / 블랙,FREE,"터치벨트 팬츠 투피스입니다. 상의와 하의가 함께 구성되어 한 벌만으로도 완성도 있는 스타일을 연출하기 좋습니다. 컬러는 아이보리 / 블랙 계열로 준비되어 있습니다. 파티룩, 촬영룩, 모임룩으로 활용하기 좋은 신상 셀렉션입니다.","NEW,8월신상,TWO PIECE,투피스,파티룩,클럽룩,촬영룩,방송의상,세트룩,아이보리,블랙",9,assets/aug01/tiara/TIA-S929_01.jpg
TIA-S930,터치도트 팬츠 투피스,TWO PIECE,핑크 / 아이보리 / 블랙 / 소라,FREE,"터치도트 팬츠 투피스입니다. 상의와 하의가 함께 구성되어 한 벌만으로도 완성도 있는 스타일을 연출하기 좋습니다. 컬러는 핑크 / 아이보리 / 블랙 / 소라 계열로 준비되어 있습니다. 파티룩, 촬영룩, 모임룩으로 활용하기 좋은 신상 셀렉션입니다.","NEW,8월신상,TWO PIECE,투피스,파티룩,클럽룩,촬영룩,방송의상,세트룩,핑크,아이보리,블랙,소라",9,assets/aug01/tiara/TIA-S930_01.jpg
TIA-S931,쇼퍼 미니 원피스,MINI,아이보리,S / M,"쇼퍼 미니 원피스입니다. 바디 라인을 자연스럽게 살려주면서 사진에 잘 잡히는 실루엣의 신상 원피스입니다. 컬러는 아이보리 계열로 준비되어 있습니다. 파티룩, 클럽룩, 촬영룩, 모임룩으로 활용하기 좋습니다.","NEW,8월신상,MINI,미니,파티룩,클럽룩,촬영룩,방송의상,원피스,아이보리",8,assets/aug01/tiara/TIA-S931_01.jpg
TIA-S932,쇼퍼 미니 원피스,MINI,이미지 참고,S / M,"쇼퍼 미니 원피스입니다. 바디 라인을 자연스럽게 살려주면서 사진에 잘 잡히는 실루엣의 신상 원피스입니다. 파티룩, 클럽룩, 촬영룩, 모임룩으로 활용하기 좋습니다.","NEW,8월신상,MINI,미니,파티룩,클럽룩,촬영룩,방송의상,원피스",8,assets/aug01/tiara/TIA-S932_01.jpg
TIA-S933,쇼퍼 미니 원피스,MINI,소라,S / M,"쇼퍼 미니 원피스입니다. 바디 라인을 자연스럽게 살려주면서 사진에 잘 잡히는 실루엣의 신상 원피스입니다. 컬러는 소라 계열로 준비되어 있습니다. 파티룩, 클럽룩, 촬영룩, 모임룩으로 활용하기 좋습니다.","NEW,8월신상,MINI,미니,파티룩,클럽룩,촬영룩,방송의상,원피스,소라",8,assets/aug01/tiara/TIA-S933_01.jpg
TIA-S934,쇼퍼 미니 원피스,MINI,블랙,S / M,"쇼퍼 미니 원피스입니다. 바디 라인을 자연스럽게 살려주면서 사진에 잘 잡히는 실루엣의 신상 원피스입니다. 컬러는 블랙 계열로 준비되어 있습니다. 파티룩, 클럽룩, 촬영룩, 모임룩으로 활용하기 좋습니다.","NEW,8월신상,MINI,미니,파티룩,클럽룩,촬영룩,방송의상,원피스,블랙",8,assets/aug01/tiara/TIA-S934_01.jpg
TIA-S935,쉐리 원피스,MINI,아이보리,S / M,"쉐리 원피스입니다. 바디 라인을 자연스럽게 살려주면서 사진에 잘 잡히는 실루엣의 신상 원피스입니다. 컬러는 아이보리 계열로 준비되어 있습니다. 파티룩, 클럽룩, 촬영룩, 모임룩으로 활용하기 좋습니다.","NEW,8월신상,MINI,미니,파티룩,클럽룩,촬영룩,방송의상,원피스,아이보리",8,assets/aug01/tiara/TIA-S935_01.jpg
TIA-S936,쉐리 원피스,MINI,이미지 참고,S / M,"쉐리 원피스입니다. 바디 라인을 자연스럽게 살려주면서 사진에 잘 잡히는 실루엣의 신상 원피스입니다. 파티룩, 클럽룩, 촬영룩, 모임룩으로 활용하기 좋습니다.","NEW,8월신상,MINI,미니,파티룩,클럽룩,촬영룩,방송의상,원피스",8,assets/aug01/tiara/TIA-S936_01.jpg
TIA-S937,쉐리 원피스,MINI,블랙,S / M,"쉐리 원피스입니다. 바디 라인을 자연스럽게 살려주면서 사진에 잘 잡히는 실루엣의 신상 원피스입니다. 컬러는 블랙 계열로 준비되어 있습니다. 파티룩, 클럽룩, 촬영룩, 모임룩으로 활용하기 좋습니다.","NEW,8월신상,MINI,미니,파티룩,클럽룩,촬영룩,방송의상,원피스,블랙",8,assets/aug01/tiara/TIA-S937_01.jpg
TIA-S938,세르펜티 원피스,MINI,브라운,S / M,"세르펜티 원피스입니다. 바디 라인을 자연스럽게 살려주면서 사진에 잘 잡히는 실루엣의 신상 원피스입니다. 컬러는 브라운 계열로 준비되어 있습니다. 파티룩, 클럽룩, 촬영룩, 모임룩으로 활용하기 좋습니다.","NEW,8월신상,MINI,미니,파티룩,클럽룩,촬영룩,방송의상,원피스,브라운",8,assets/aug01/tiara/TIA-S938_01.jpg
PEARL-S911,버클라인 미니원피스,MINI,이미지 참고,55 / 66 / 77 / 88 문의,"버클라인 미니원피스입니다. 바디 라인을 자연스럽게 살려주면서 사진에 잘 잡히는 실루엣의 신상 원피스입니다. 파티룩, 클럽룩, 촬영룩, 모임룩으로 활용하기 좋습니다.","NEW,8월신상,MINI,미니,파티룩,클럽룩,촬영룩,방송의상,원피스",8,assets/aug01/pearl/PEARL-S911_01.jpg
PEARL-S912,버클라인 미니원피스,MINI,이미지 참고,55 / 66 / 77 / 88 문의,"버클라인 미니원피스입니다. 바디 라인을 자연스럽게 살려주면서 사진에 잘 잡히는 실루엣의 신상 원피스입니다. 파티룩, 클럽룩, 촬영룩, 모임룩으로 활용하기 좋습니다.","NEW,8월신상,MINI,미니,파티룩,클럽룩,촬영룩,방송의상,원피스",8,assets/aug01/pearl/PEARL-S912_01.jpg
PEARL-S913,버튼 슬림 미디원피스,MIDI,이미지 참고,55 / 66 / 77 / 88 문의,"버튼 슬림 미디원피스입니다. 바디 라인을 자연스럽게 살려주면서 사진에 잘 잡히는 실루엣의 신상 원피스입니다. 파티룩, 클럽룩, 촬영룩, 모임룩으로 활용하기 좋습니다.","NEW,8월신상,MIDI,미디,파티룩,클럽룩,촬영룩,방송의상,원피스",8,assets/aug01/pearl/PEARL-S913_01.jpg
PEARL-S914,버튼 슬림 미디원피스,MIDI,이미지 참고,55 / 66 / 77 / 88 문의,"버튼 슬림 미디원피스입니다. 바디 라인을 자연스럽게 살려주면서 사진에 잘 잡히는 실루엣의 신상 원피스입니다. 파티룩, 클럽룩, 촬영룩, 모임룩으로 활용하기 좋습니다.","NEW,8월신상,MIDI,미디,파티룩,클럽룩,촬영룩,방송의상,원피스",8,assets/aug01/pearl/PEARL-S914_01.jpg
PEARL-S915,버클포인트 미니원피스,MINI,이미지 참고,55 / 66 / 77 / 88 문의,"버클포인트 미니원피스입니다. 바디 라인을 자연스럽게 살려주면서 사진에 잘 잡히는 실루엣의 신상 원피스입니다. 파티룩, 클럽룩, 촬영룩, 모임룩으로 활용하기 좋습니다.","NEW,8월신상,MINI,미니,파티룩,클럽룩,촬영룩,방송의상,원피스",8,assets/aug01/pearl/PEARL-S915_01.jpg
PEARL-S916,버클포인트 미니원피스,MINI,이미지 참고,55 / 66 / 77 / 88 문의,"버클포인트 미니원피스입니다. 바디 라인을 자연스럽게 살려주면서 사진에 잘 잡히는 실루엣의 신상 원피스입니다. 파티룩, 클럽룩, 촬영룩, 모임룩으로 활용하기 좋습니다.","NEW,8월신상,MINI,미니,파티룩,클럽룩,촬영룩,방송의상,원피스",8,assets/aug01/pearl/PEARL-S916_01.jpg
HEP-S884,버클 슬릿 미니원피스,MINI,이미지 참고,55 / 66 / 77 / 88 문의,"버클 슬릿 미니원피스입니다. 바디 라인을 자연스럽게 살려주면서 사진에 잘 잡히는 실루엣의 신상 원피스입니다. 파티룩, 클럽룩, 촬영룩, 모임룩으로 활용하기 좋습니다.","NEW,8월신상,MINI,미니,파티룩,클럽룩,촬영룩,방송의상,원피스",8,assets/aug01/hepburn/HEP-S884_01.jpg
HEP-S885,버클 슬림 미니원피스,MINI,이미지 참고,55 / 66 / 77 / 88 문의,"버클 슬림 미니원피스입니다. 바디 라인을 자연스럽게 살려주면서 사진에 잘 잡히는 실루엣의 신상 원피스입니다. 파티룩, 클럽룩, 촬영룩, 모임룩으로 활용하기 좋습니다.","NEW,8월신상,MINI,미니,파티룩,클럽룩,촬영룩,방송의상,원피스",8,assets/aug01/hepburn/HEP-S885_01.jpg
HIYA-S882,트위드 퍼프 투피스,TWO PIECE,이미지 참고,55 / 66 / 77 / 88 문의,"트위드 퍼프 투피스입니다. 상의와 하의가 함께 구성되어 한 벌만으로도 완성도 있는 스타일을 연출하기 좋습니다. 파티룩, 촬영룩, 모임룩으로 활용하기 좋은 신상 셀렉션입니다.","NEW,8월신상,TWO PIECE,투피스,파티룩,클럽룩,촬영룩,방송의상,세트룩",8,assets/aug01/hiya/HIYA-S882_01.jpg
HIYA-S883,트위드 퍼프 투피스,TWO PIECE,이미지 참고,55 / 66 / 77 / 88 문의,"트위드 퍼프 투피스입니다. 상의와 하의가 함께 구성되어 한 벌만으로도 완성도 있는 스타일을 연출하기 좋습니다. 파티룩, 촬영룩, 모임룩으로 활용하기 좋은 신상 셀렉션입니다.","NEW,8월신상,TWO PIECE,투피스,파티룩,클럽룩,촬영룩,방송의상,세트룩",8,assets/aug01/hiya/HIYA-S883_01.jpg
