code,name,size_table,wear_table,source
GRA-S888,블랙 체인홀터 미디원피스,Y,Y,GRA-890 GRA-889 GRA-888 #Uc81c#Ud488#Uc815#Ubcf4.png
GRA-S889,레드 체인홀터 미디원피스,Y,Y,GRA-890 GRA-889 GRA-888 #Uc81c#Ud488#Uc815#Ubcf4.png
GRA-S890,아이보리 체인홀터 미디원피스,Y,Y,GRA-890 GRA-889 GRA-888 #Uc81c#Ud488#Uc815#Ubcf4.png
SEY-S907,아이보리 배색라인 플레어 원피스,N,Y,SEY-S907(#Uc544#Uc774#Ubcf4#Ub9ac) SEY-S908(#Ube14#Ub799) #Uc81c#Ud488#Uc815#Ubcf4.png
SEY-S908,블랙 배색라인 플레어 원피스,N,Y,SEY-S907(#Uc544#Uc774#Ubcf4#Ub9ac) SEY-S908(#Ube14#Ub799) #Uc81c#Ud488#Uc815#Ubcf4.png
SEY-S909,핑크 오프숄더 러플 원피스,N,Y,SEY-S909(#Ud551#Ud06c) SEY-S910(#Ube14#Ub799)#Uc81c#Ud488#Uc815#Ubcf4.png
SEY-S910,블랙 오프숄더 러플 원피스,N,Y,SEY-S909(#Ud551#Ud06c) SEY-S910(#Ube14#Ub799)#Uc81c#Ud488#Uc815#Ubcf4.png
JINA-S878,핑크 브이넥 홀터 원피스,Y,Y,"JINA-S878, JINA-S879 #Uc81c#Ud488#Uc815#Ubcf4.png"
JINA-S879,블랙 브이넥 홀터 원피스,Y,Y,"JINA-S878, JINA-S879 #Uc81c#Ud488#Uc815#Ubcf4.png"
JINA-S917,아이보리 프릴라인 미디원피스,Y,Y,JINA-S917(#Uc544#Uc774#Ubcf4#Ub9ac) JINA-S918(#Ube14#Ub799) #Uc81c#Ud488#Uc815#Ubcf4.png
JINA-S918,블랙 프릴라인 미디원피스,Y,Y,JINA-S917(#Uc544#Uc774#Ubcf4#Ub9ac) JINA-S918(#Ube14#Ub799) #Uc81c#Ud488#Uc815#Ubcf4.png
JINA-S919,아이보리 원숄더 드레이프 원피스,N,Y,"JINA-S919(#Uc544#Uc774#Ubcf4#Ub9ac), JINA-S920(#Ud551#Ud06c) #Uc81c#Ud488#Uc815#Ubcf4.png"
JINA-S920,핑크 원숄더 드레이프 원피스,N,Y,"JINA-S919(#Uc544#Uc774#Ubcf4#Ub9ac), JINA-S920(#Ud551#Ud06c) #Uc81c#Ud488#Uc815#Ubcf4.png"
TIA-S857,플라워 매듭 나시탑,Y,Y,TIA-S857 #Uc81c#Ud488#Uc815#Ubcf4.png
TIA-S858,아이보리 시퀸 쉬폰 나시 블라우스,N,Y,TIA-S858 #Uc81c#Ud488#Uc815#Ubcf4.png
TIA-S860,블랙 프릴 쉬폰 벨트 미니원피스,Y,Y,TIA-S860 #Uc81c#Ud488#Uc815#Ubcf4.png
TIA-S862,아이보리 레이스 홀터 쉬폰 미니원피스,N,Y,TIA-S863(#Ube14#Ub799) TIA-S862(#Uc544#Uc774#Ubcf4#Ub9ac) #Uc81c#Ud488#Uc815#Ubcf4.png
TIA-S863,블랙 레이스 홀터 쉬폰 미니원피스,N,Y,TIA-S863(#Ube14#Ub799) TIA-S862(#Uc544#Uc774#Ubcf4#Ub9ac) #Uc81c#Ud488#Uc815#Ubcf4.png
TIA-S864,화이트 레이스 크롭 투피스,N,Y,TIA-S865(#Ube14#Ub799) TIA-S864(#Uc544#Uc774#Ubcf4#Ub9ac) #Uc81c#Ud488#Uc815#Ubcf4.png
TIA-S865,블랙 레이스 크롭 투피스,N,Y,TIA-S865(#Ube14#Ub799) TIA-S864(#Uc544#Uc774#Ubcf4#Ub9ac) #Uc81c#Ud488#Uc815#Ubcf4.png
TIA-S866,아이보리 플라워 코르셋 투피스,N,Y,TIA-S866 #Uc81c#Ud488#Uc815#Ubcf4.png
TIA-S870,아이보리 트위드 버튼 미니원피스,N,Y,TIA-S870(#Uc544#Uc774#Ubcf4#Ub9ac) TIA-S871(#Ubbfc#Ud2b8) #Uc81c#Ud488#Uc815#Ubcf4.png
TIA-S871,민트 트위드 버튼 미니원피스,N,Y,TIA-S870(#Uc544#Uc774#Ubcf4#Ub9ac) TIA-S871(#Ubbfc#Ud2b8) #Uc81c#Ud488#Uc815#Ubcf4.png
TIA-S873,아이보리 트위드 홀터 투피스,Y,Y,TIA-S873 #Uc81c#Ud488#Uc815#Ubcf4.png
TIA-S891,베이지 드레이프 오프숄더 미니원피스,Y,Y,TIA-S891 #Uc81c#Ud488#Uc815#Ubcf4.png
TIA-S892,아이보리 진주라인 트위드 미니원피스,Y,Y,TIA-S892(#Uc544#Uc774#Ubcf4#Ub9ac) TIA-S893(#Ud551#Ud06c) #Uc81c#Ud488#Uc815#Ubcf4.png
TIA-S893,핑크 진주라인 트위드 미니원피스,Y,Y,TIA-S892(#Uc544#Uc774#Ubcf4#Ub9ac) TIA-S893(#Ud551#Ud06c) #Uc81c#Ud488#Uc815#Ubcf4.png
TIA-S894,아이보리 블랙리본 플리츠 롱드레스,Y,Y,TIA-S894 #Uc81c#Ud488#Uc815#Ubcf4.png
TIA-S900,아이보리 큐빅 오프숄더 미니원피스,Y,Y,TIA-S900 #Uc81c#Ud488#Uc815#Ubcf4.png
TIA-S901,아이보리 프리미엄 큐빅 오프숄더 미니원피스,Y,Y,TIA-S901 #Uc81c#Ud488#Uc815#Ubcf4.png
TIA-S921,아이보리 블랙리본 레이스 투피스,Y,Y,TIA-S921 TIA-S922 #Uc2a4#Ucee4#Ud2b8 #Uc815#Ubcf4.png
TIA-S922,블랙리본 레이스 투피스,Y,Y,TIA-S921 TIA-S922 #Uc2a4#Ucee4#Ud2b8 #Uc815#Ubcf4.png
TIA-S924,브로치 카라 투피스,N,Y,TIA-S924(#Ud654#Uc774#Ud2b8) TIA-S925(#Ud06c#Ub9bc#Ubca0#Uc774#Uc9c0) TIA-S926(#Ube14#Ub799) #Uc0c1#Uc758 #Uc815#Ubcf4.png
TIA-S925,브로치 카라 투피스,N,Y,TIA-S924(#Ud654#Uc774#Ud2b8) TIA-S925(#Ud06c#Ub9bc#Ubca0#Uc774#Uc9c0) TIA-S926(#Ube14#Ub799) #Uc0c1#Uc758 #Uc815#Ubcf4.png
TIA-S926,브로치 카라 투피스,N,Y,TIA-S924(#Ud654#Uc774#Ud2b8) TIA-S925(#Ud06c#Ub9bc#Ubca0#Uc774#Uc9c0) TIA-S926(#Ube14#Ub799) #Uc0c1#Uc758 #Uc815#Ubcf4.png
TIA-S927,베이지 카라 베스트 시퀸 투피스,Y,Y,TIA-S927 #Uc0c1#Uc758 #Uc81c#Ud488#Uc815#Ubcf4.png
TIA-S928,체인 프린트 나시탑 세트,Y,Y,TIA-S928(#Uc544#Uc774#Ubcf4#Ub9ac) TIA-S929(#Ube14#Ub799#Ubca0#Uc774#Uc9c0) TIA-S930(#Ub3c4#Ud2b8#Ube14#Ub799) #Uc20f#Ud32c#Uce20 #Uc815#Ubcf4.png
TIA-S929,체인 프린트 나시탑 세트,Y,Y,TIA-S928(#Uc544#Uc774#Ubcf4#Ub9ac) TIA-S929(#Ube14#Ub799#Ubca0#Uc774#Uc9c0) TIA-S930(#Ub3c4#Ud2b8#Ube14#Ub799) #Uc20f#Ud32c#Uce20 #Uc815#Ubcf4.png
TIA-S930,도트 프린트 나시탑 세트,Y,Y,TIA-S928(#Uc544#Uc774#Ubcf4#Ub9ac) TIA-S929(#Ube14#Ub799#Ubca0#Uc774#Uc9c0) TIA-S930(#Ub3c4#Ud2b8#Ube14#Ub799) #Uc20f#Ud32c#Uce20 #Uc815#Ubcf4.png
TIA-S931,리본 플레어 미니원피스,Y,Y,"TIA-S931(#Uc544#Uc774#Ubcf4#Ub9ac), TIA-S932(#Uc5d8#Ub85c#Uc6b0), TIA-S933(#Uc18c#Ub77c), TIA-S934(#Ube14#Ub799) #Uc81c#Ud488#Uc815#Ubcf4.png"
TIA-S932,리본 플레어 미니원피스,Y,Y,"TIA-S931(#Uc544#Uc774#Ubcf4#Ub9ac), TIA-S932(#Uc5d8#Ub85c#Uc6b0), TIA-S933(#Uc18c#Ub77c), TIA-S934(#Ube14#Ub799) #Uc81c#Ud488#Uc815#Ubcf4.png"
TIA-S933,리본 플레어 미니원피스,Y,Y,"TIA-S931(#Uc544#Uc774#Ubcf4#Ub9ac), TIA-S932(#Uc5d8#Ub85c#Uc6b0), TIA-S933(#Uc18c#Ub77c), TIA-S934(#Ube14#Ub799) #Uc81c#Ud488#Uc815#Ubcf4.png"
TIA-S934,리본 플레어 미니원피스,Y,Y,"TIA-S931(#Uc544#Uc774#Ubcf4#Ub9ac), TIA-S932(#Uc5d8#Ub85c#Uc6b0), TIA-S933(#Uc18c#Ub77c), TIA-S934(#Ube14#Ub799) #Uc81c#Ud488#Uc815#Ubcf4.png"
TIA-S935,드레이프 오프숄더 미디원피스,Y,Y,"TIA-S935(#Uc544#Uc774#Ubcf4#Ub9ac), TIA-S936(#Ub77c#Ubca4#Ub354), TIA-S937(#Ube14#Ub799) #Uc81c#Ud488#Uc815#Ubcf4.png"
TIA-S936,드레이프 오프숄더 미디원피스,Y,Y,"TIA-S935(#Uc544#Uc774#Ubcf4#Ub9ac), TIA-S936(#Ub77c#Ubca4#Ub354), TIA-S937(#Ube14#Ub799) #Uc81c#Ud488#Uc815#Ubcf4.png"
TIA-S937,드레이프 오프숄더 미디원피스,Y,Y,"TIA-S935(#Uc544#Uc774#Ubcf4#Ub9ac), TIA-S936(#Ub77c#Ubca4#Ub354), TIA-S937(#Ube14#Ub799) #Uc81c#Ud488#Uc815#Ubcf4.png"
TIA-S938,브라운 셔링 홀터 미니원피스,Y,Y,TIA-S938 #Uc81c#Ud488#Uc815#Ubcf4.png
PEARL-S911,블루 버클라인 미니원피스,N,Y,PEARL-S911(#Ube14#Ub8e8) PEARL-S912(#Ube14#Ub799) #Uc81c#Ud488#Uc815#Ubcf4.png
PEARL-S912,블랙 버클라인 미니원피스,N,Y,PEARL-S911(#Ube14#Ub8e8) PEARL-S912(#Ube14#Ub799) #Uc81c#Ud488#Uc815#Ubcf4.png
PEARL-S913,아이보리 버튼 슬림 미디원피스,Y,Y,PEARL-S913(#Uc544#Uc774#Ubcf4#Ub9ac) PEARL-S914(#Ud551#Ud06c) #Uc81c#Ud488#Uc815#Ubcf4.png
PEARL-S914,핑크 버튼 슬림 미디원피스,Y,Y,PEARL-S913(#Uc544#Uc774#Ubcf4#Ub9ac) PEARL-S914(#Ud551#Ud06c) #Uc81c#Ud488#Uc815#Ubcf4.png
PEARL-S915,아이보리 버클포인트 미니원피스,N,Y,"PEARL-S915(#Uc544#Uc774#Ubcf4#Ub9ac), PEARL-S916(#Ube14#Ub799) #Uc81c#Ud488#Uc815#Ubcf4.png"
PEARL-S916,블랙 버클포인트 미니원피스,N,Y,"PEARL-S915(#Uc544#Uc774#Ubcf4#Ub9ac), PEARL-S916(#Ube14#Ub799) #Uc81c#Ud488#Uc815#Ubcf4.png"
HEP-S884,브라운 버클 슬릿 미니원피스,Y,Y,HEP-S884 HEP-S885 #Uc81c#Ud488#Uc815#Ubcf4.png
HEP-S885,그레이 버클 슬릿 미니원피스,Y,Y,HEP-S884 HEP-S885 #Uc81c#Ud488#Uc815#Ubcf4.png
HIYA-S882,핑크 트위드 퍼프 투피스,Y,Y,"HIYA-S882, HIYA-S883 #Uc81c#Ud488#Uc815#Ubcf4.png"
HIYA-S883,민트 트위드 퍼프 투피스,Y,Y,"HIYA-S882, HIYA-S883 #Uc81c#Ud488#Uc815#Ubcf4.png"
