code,상품명,컬러,가격,재고사이즈/수량,메인컷,제품컷,사이즈표,착용정보,상세설명,검토메모
JES-176,숄더벨트 슬림 미니원피스,베이지,75000,55:2,assets/jessica/JES-176/JES-176_01.jpg,assets/jessica/JES-176/JES-176_02.jpg,"사이즈,총길이,소매길이,가슴단면,허리단면,힙단면 | 55(S) 78 25 39 32 40 ; 66(M) 78 25 41.5 34.5 42.5 ; 77(L) 78 25 44 37 45",소재:폴리혼방 / 신축성:좋음 / 캡여부:있음 / 안감:있음 / 비침:없음 / 두께감:보통 / 지퍼:뒷지퍼,"어깨 라인의 벨트 디테일이 시선을 정돈해주고, 슬림한 핏이 바디라인을 깔끔하게 살려주는 미니원피스입니다. 단정하면서도 포인트가 있어 매장 피팅 상담용으로 추천하기 좋습니다.",검토 후 그대로 업로드 가능 / 제품정보 원본 이미지는 미노출
JES-193,중앙버튼 스퀘어넥 미니원피스,블랙,75000,55:2; 77:1,assets/jessica/JES-193/JES-193_01.jpg,assets/jessica/JES-193/JES-193_02.jpg,"사이즈,총길이,소매길이,가슴단면,허리단면,힙단면 | 55(S) 82 32 39 30 39 ; 66(M) 82 32 41.5 32.5 41.5 ; 77(L) 82 32 44 35 44",소재:폴리혼방 / 신축성:좋음 / 캡여부:있음 / 안감:있음 / 비침:없음 / 두께감:보통 / 지퍼:뒷지퍼,"스퀘어넥이 쇄골 라인을 깔끔하게 보여주고, 중앙 버튼과 지퍼 라인이 세련된 포인트가 되는 미니원피스입니다. 조직감 있는 원단이 고급스러운 무드를 더해줍니다.",검토 후 그대로 업로드 가능 / 제품정보 원본 이미지는 미노출
JES-194,브로치 포인트 미니원피스,그레이,75000,66:1; 77:1,assets/jessica/JES-194/JES-194_01.jpg,assets/jessica/JES-194/JES-194_02.jpg,"사이즈,총길이,소매길이,가슴단면,허리단면,힙단면 | 55(S) 81 23 37 30 39 ; 66(M) 81 23 39.5 32.5 42.5 ; 77(L) 81 23 42 35 44",소재:폴리혼방 / 신축성:좋음 / 캡여부:있음 / 안감:있음 / 비침:없음 / 두께감:보통 / 지퍼:뒷지퍼,"상단 브로치 디테일이 포인트가 되어 단정하면서도 여성스러운 분위기를 만들어줍니다. 과하지 않은 장식감으로 촬영, 모임, 파티룩에 활용하기 좋습니다.",검토 후 그대로 업로드 가능 / 제품정보 원본 이미지는 미노출
JES-199,허리레이스 아이보리 미니원피스,아이보리,75000,55:2,assets/jessica/JES-199/JES-199_01.jpg,assets/jessica/JES-199/JES-199_02.jpg,"사이즈,총길이,소매길이,가슴단면,허리단면,힙단면 | 55(S) 82 24 37 32 37 ; 66(M) 82 24 39.5 34.5 39.5 ; 77(L) 82 24 42 37 42",소재:폴리혼방 / 신축성:좋음 / 캡여부:있음 / 안감:있음 / 비침:없음 / 두께감:보통 / 지퍼:뒷지퍼,허리 라인의 레이스 디테일이 포인트가 되어 여성스럽고 화사한 분위기를 만들어줍니다. 아이보리 컬러 특유의 깨끗한 무드로 사진에도 밝게 잡히는 스타일입니다.,검토 후 그대로 업로드 가능 / 제품정보 원본 이미지는 미노출
JES-204,가슴날개 버튼 미니원피스,그레이,75000,55:2,assets/jessica/JES-204/JES-204_01.jpg,assets/jessica/JES-204/JES-204_02.jpg,"사이즈,총길이,소매길이,가슴단면,허리단면,힙단면 | 55(S) 82 23 40 30 38 ; 66(M) 82 23 42.5 32.5 40.5 ; 77(L) 82 23 45 35 43",소재:폴리혼방 / 신축성:좋음 / 캡여부:있음 / 안감:있음 / 비침:없음 / 두께감:보통 / 지퍼:뒷지퍼,가슴 라인의 날개 디테일과 버튼 포인트가 입체감을 더해주는 미니원피스입니다. 단정한 컬러감에 여성스러운 실루엣이 더해져 부담 없이 고급스러운 느낌을 줍니다.,검토 후 그대로 업로드 가능 / 제품정보 원본 이미지는 미노출
JES-309,허리꼬임 프릴 미니원피스,살구,75000,77:1,assets/jessica/JES-309/JES-309_01.jpg,assets/jessica/JES-309/JES-309_02.jpg,"사이즈,총길이,소매,가슴,허리,힙 | 55(S) 83 22 38 29 36 ; 66(M) 83 22 40.5 31.5 38.5 ; 77(L) 83 22 43 34 41",소재:폴리혼방 / 신축성:좋음 / 캡여부:있음 / 안감:있음 / 비침:없음 / 두께감:보통 / 지퍼:뒷지퍼,"스퀘어넥이 상체 라인을 깔끔하게 보여주고, 허리 옆 꼬임 스트링이 바디라인을 입체적으로 잡아주는 미니원피스입니다. 밑단 프릴이 움직일 때 자연스럽게 포인트가 됩니다.",검토 후 그대로 업로드 가능 / 제품정보 원본 이미지는 미노출
JES-326,허리꼬임 프릴 미니원피스,블랙,75000,77:1,assets/jessica/JES-326/JES-326_01.jpg,assets/jessica/JES-326/JES-326_02.jpg,"사이즈,총길이,소매,가슴,허리,힙 | 55(S) 83 22 38 29 36 ; 66(M) 83 22 40.5 31.5 38.5 ; 77(L) 83 22 43 34 41",소재:폴리혼방 / 신축성:좋음 / 캡여부:있음 / 안감:있음 / 비침:없음 / 두께감:보통 / 지퍼:뒷지퍼,"스퀘어넥이 상체 라인을 깔끔하게 보여주고, 허리 옆 꼬임 스트링이 바디라인을 입체적으로 잡아주는 미니원피스입니다. 블랙 컬러라 슬림하고 선명한 인상을 줍니다.",검토 후 그대로 업로드 가능 / 제품정보 원본 이미지는 미노출
JES-369,블루 가슴날개 미니원피스,블루,75000,55:2,assets/jessica/JES-369/JES-369_01.jpg,assets/jessica/JES-369/JES-369_02.jpg,"사이즈,총길이,소매길이,가슴단면,허리단면,힙단면 | 55(S) 83 22 39 32 41 ; 66(M) 83 22 41.5 34.5 43.5 ; 77(L) 83 22 44 37 46",소재:폴리혼방 / 신축성:좋음 / 캡여부:있음 / 안감:있음 / 비침:없음 / 두께감:보통 / 지퍼:뒷지퍼,"블루 컬러가 산뜻하게 보이고, 가슴 라인의 날개 디테일이 여성스러운 포인트를 만들어줍니다. 사진과 영상에서 색감이 선명하게 살아나는 스타일입니다.",검토 후 그대로 업로드 가능 / 제품정보 원본 이미지는 미노출
JES-109,체인 포인트 슬림 미니원피스,블랙,75000,55:2; 77:1,assets/jessica/JES-109/JES-109_01.jpg,assets/jessica/JES-109/JES-109_02.jpg,"사이즈,총길이,소매,가슴,허리,힙 | 55(S) 82 23 38 28 38 ; 66(M) 82 23 40.5 30.5 40.5 ; 77(L) 82 23 43 33 43",소재:폴리혼방 / 신축성:있음 / 캡여부:있음 / 안감:있음 / 비침:없음 / 두께감:보통 / 지퍼:뒷지퍼,"어깨와 허리 라인의 체인 디테일이 시선을 잡아주며, 슬림한 핏이 바디라인을 세련되게 정돈해주는 미니원피스입니다. 블랙 컬러라 포인트는 강하지만 전체적으로 안정감 있게 연출됩니다.",검토 후 그대로 업로드 가능 / 제품정보 원본 이미지는 미노출
