상품코드,거래처,엑셀원본폴더,원본상품번호,상품명,이미지수,상태,매칭폴더/메모
N260001,그레이스,S504,S504,화이트 러플 브이넥 크롭 투피스,4,매칭완료,그레이스/S504
N260002,그레이스,S505,S505,핑크 러플 브이넥 크롭 투피스,4,매칭완료,그레이스/S505
N260003,그레이스,S506,S506,블랙 러플 브이넥 크롭 투피스,4,매칭완료,그레이스/S506
N260004,그레이스,S507,S507,화이트 마린 스타일 투피스,4,매칭완료,그레이스/S507
N260005,그레이스,S508,S508,네이비 마린 스타일 투피스,4,매칭완료,그레이스/S508
N260006,세윤,S405 투피스,S405,핑크/화이트 러플 오프숄더 크롭 투피스,4,매칭완료,세윤/S405 투피스
N260007,세윤,S406 투피스,S406,블랙 러플 투피스,4,매칭완료,세윤/S406 투피스
N260008,세윤,S472 투피스,S472,화이트/블랙 오프숄더 튤스커트 투피스,4,매칭완료,세윤/S472 투피스
N260009,세윤,S473 투피스,S473,화이트 마린 세일러 투피스,4,매칭완료,세윤/S473 투피스
N260010,세윤,S474 투피스,S474,블랙 마린 세일러 투피스,4,매칭완료,세윤/S474 투피스
N260011,세윤,S509,S509,화이트/블랙 오프숄더 랩스커트 투피스,4,매칭완료,세윤/S509
N260012,세윤,S510,S510,핑크/화이트 핑크 오프숄더 랩스커트 투피스,4,매칭완료,세윤/S510
N260013,세윤,S511,S511,블랙/화이트 블랙 오프숄더 랩스커트 투피스,4,매칭완료,세윤/S511
N260014,세윤,S512,S512,핑크 골드버튼 체인 슬림 원피스,4,매칭완료,세윤/S512
N260015,세윤,S513,S513,소라 골드버튼 체인 슬림 원피스,4,매칭완료,세윤/S513
N260016,실루엣,글램OPS,글램OPS,베이지/화이트 글램미디원피스,4,매칭완료,실루엣/글램OPS
N260017,실루엣,기네스OPS 블랙,기네스OPS_블랙,블랙 기네스미니원피스,4,매칭완료,실루엣/기네스OPS 블랙
N260018,실루엣,기네스OPS 아이,기네스OPS_아이,화이트 기네스미니원피스,4,매칭완료,실루엣/기네스OPS 아이
N260019,실루엣,기네스OPS 추가,기네스OPS_추가,기네스미니원피스,4,매칭완료,실루엣/기네스OPS 추가
N260020,실루엣,다이아브로치,다이아브로치,악세사리 옵션,3,매칭완료,실루엣/다이아브로치
N260021,실루엣,라비앙OPS,라비앙OPS,아이보리/베이지 라비앙원피스,4,매칭완료,실루엣/라비앙OPS
N260022,실루엣,리본끈 탑원피스(그레이),리본끈_탑원피스(그레이),"그레이 튜브탑 넥라인이 입체감 있는 리본디테일, 몸매를 더 슬림해 보이는 스프라이트 패턴",4,매칭완료,실루엣/리본끈 탑원피스(그레이)
N260023,실루엣,리본끈 탑원피스(화이트),리본끈_탑원피스(화이트),"화이트 튜브탑 넥라인이 입체감 있는 리본디테일, 몸매를 더 슬림해 보이는 스프라이트 패턴",4,매칭완료,실루엣/리본끈 탑원피스(화이트)
N260024,실루엣,쏘잉BL,쏘잉BL,스트라이프 리본 오프숄더 탑블라이스,4,매칭완료,실루엣/쏘잉BL
N260025,실루엣,쏘잉BL그레이,쏘잉BL그레이,그레이 스트라이프 리본 오프숄더 탑블라이스,4,매칭완료,실루엣/쏘잉BL그레이
N260026,실루엣,쏘잉BL핑크,쏘잉BL핑크,쏘잉BL핑크,4,매칭완료,실루엣/쏘잉BL핑크
N260027,실루엣,에비뉴OPS,에비뉴OPS,허리라인을 돋보이게해주는 미디원피스,4,매칭완료,실루엣/에비뉴OPS
N260028,실루엣,에비뉴OPS그레이,에비뉴OPS그레이,그레이 허리라인을 돋보이게해주는 미디원피스,4,매칭완료,실루엣/에비뉴OPS그레이
N260029,실루엣,에비뉴OPS화이트,에비뉴OPS화이트,화이트 허리라인을 돋보이게해주는 미디원피스,4,매칭완료,실루엣/에비뉴OPS화이트
N260030,실루엣,카시아2OPS,카시아2OPS,"화이트/핑크 시선을 사로잡는 드레이핑 튜브탑 원피스, 가슴 라인의 드레이핑이 포인트",4,매칭완료,실루엣/카시아2OPS
N260031,실루엣,컨페티OPS아이,컨페티OPS아이,"화이트 라인 디테일 스림 미디 원피스, 언발란스 밑단과 딥 슬림 디테일이 포인트",4,매칭완료,실루엣/컨페티OPS아이
N260032,실루엣,컨페티OPS핑크,컨페티OPS핑크,"핑크 라인 디테일 스림 미디 원피스, 언발란스 밑단과 딥 슬림 디테일이 포인트",4,매칭완료,실루엣/컨페티OPS핑크
N260033,실루엣,쿠키BL샤넬주름SK아이핑크블랙,쿠키BL샤넬주름SK아이핑크블랙,화이트/핑크 넥리본 포인트 핏이 좋은 블라우스,4,매칭완료,실루엣/쿠키BL샤넬주름SK아이핑크블랙
N260034,실루엣,쿠키BL샤넬주름SK아이핑크블랙 추가이미지,쿠키BL샤넬주름SK아이핑크블랙_추가이미지,블랙/화이트 동안핏 감성 촘촘한 주름스커트,4,매칭완료,실루엣/쿠키BL샤넬주름SK아이핑크블랙 추가이미지
N260035,실루엣,쿠키BL샤넬주름SK추가2,쿠키BL샤넬주름SK추가2,화이트/핑크/블랙 넥리본 포인트 핏이 좋은 블라우스 동안핏 감성 촘촘한 주름스커트,4,매칭완료,실루엣/쿠키BL샤넬주름SK추가2
N260036,실루엣,프라다탑OPS,프라다탑OPS,다양한 연출이 가능한 리본 타이와 슬림한 오프숄더 미디 원피스,4,매칭완료,실루엣/프라다탑OPS
N260037,실루엣,프라다탑OPS 그레이,프라다탑OPS_그레이,그레이 다양한 연출이 가능한 리본 타이와 슬림한 오프숄더 미디 원피스,4,매칭완료,실루엣/프라다탑OPS 그레이
N260038,실루엣,프라다탑OPS 아이,프라다탑OPS_아이,그레이 다양한 연출이 가능한 리본 타이와 슬림한 오프숄더 미디 원피스,4,매칭완료,실루엣/프라다탑OPS 아이
N260039,실루엣,후크BL후크SK,후크BL후크SK,아이보리/블랙 어깨끈 탈부착 가능,4,매칭완료,실루엣/후크BL후크SK
N260040,실루엣,후크BL후크SK 블랙,후크BL후크SK_블랙,아이보리/블랙 어깨끈 탈부착 가능,4,매칭완료,실루엣/후크BL후크SK 블랙
N260041,실루엣,후크BL후크SK 아이,후크BL후크SK_아이,아이보리/블랙 어깨끈 탈부착 가능,4,매칭완료,실루엣/후크BL후크SK 아이
N260042,실루엣,후크BL후크SK 아이블랙 추가,후크BL후크SK_아이블랙_추가,아이보리/블랙 어깨끈 탈부착 가능,4,매칭완료,실루엣/후크BL후크SK 아이블랙 추가
N260043,써니,S470,S470,가슴부분 장식과 하얀 포인트를 주는 블랙 배색 미디 드레스,4,매칭완료,써니/S470
N260044,써니,S471,S471,가슴부분 장식과 하얀 포인트를 주는 핑크 배색 미디 드레스,4,매칭완료,써니/S471
N260045,예스,S468 투피스,S468,베이지 도트 카라 투피스,4,매칭완료,예스/S468 투피스
N260046,예스,S469 투피스,S469,핑크 도트 카라 투피스,4,매칭완료,예스/S469 투피스
N260047,임마누엘,S466,S466,화이트 시스루 롱 드레스,4,매칭완료,임마누엘/S466
N260048,임마누엘,S467,S467,블랙 A라인 롱 드레스,4,매칭완료,임마누엘/S467
N260049,지나,S390,S390,화이트 H라인 미디드레스,4,매칭완료,지나/S390
N260050,지나,S391,S391,블랙 H라인 미디드레스,4,매칭완료,지나/S391
N260051,지나,S392,S392,화이트 H라인 미디드레스,4,매칭완료,지나/S392
N260052,지나,S393,S393,소라 화이트 H라인 미디드레스,4,매칭완료,지나/S393
N260053,지나,S394,S394,레드꽃무늬 H라인 미디드레스,4,매칭완료,지나/S394
N260054,지나,S395,S395,블루꽃무늬 H라인 미디드레스,4,매칭완료,지나/S395
N260055,지나,S475,S475,화이트 미니탑 드레스,4,매칭완료,지나/S475
N260056,지나,S476,S476,블랙 미니탑 드레스,4,매칭완료,지나/S476
N260057,지나,S477,S477,민트 끈나시 주름치마드레스,4,매칭완료,지나/S477
N260058,지나,S478,S478,블랙 끈나시 주름치마드레스,4,매칭완료,지나/S478
N260059,지나,S514,S514,화이트 어깨꽃 H라인미니드레스,4,매칭완료,지나/S514
N260060,지나,S515,S515,블랙 어깨꽃 H라인미니드레스,4,매칭완료,지나/S515
N260061,지나,S516,S516,화이트 S516,4,매칭완료,지나/S516
N260062,지나,S517,S517,핑크 S517,4,매칭완료,지나/S517
N260063,지나,S518,S518,화이트 도트 미니 A라인원피스,4,매칭완료,지나/S518
N260064,지나,S519,S519,블랙 도트 미니 A라인원피스,4,매칭완료,지나/S519
N260065,지니,6369(브라운),6369(브라운),브라운 V버클 플리츠 미니원피스,4,매칭완료,지니/6369(브라운)
N260066,지니,골지 미니 원피스 핑크,골지_미니_원피스_핑크,핑크/화이트/블랙 진주 버튼 스퀘어넥 미니 원피스,4,매칭완료,지니/골지 미니 원피스 핑크
N260067,지니,리본끈A라인원피스(coco),리본끈A라인원피스(coco),연보라 도트리본 타이 A라인 미니드레스,4,매칭완료,지니/리본끈A라인원피스(coco)
N260068,지니,리본끈A라인원피스(노랑),리본끈A라인원피스(노랑),엘로우 도트리본 타이 A라인 미니드레스,4,매칭완료,지니/리본끈A라인원피스(노랑)
N260069,지니,리본끈A라인원피스(연보라),리본끈A라인원피스(연보라),연보라 도트리본 타이 A라인 미니드레스,4,매칭완료,지니/리본끈A라인원피스(연보라)
N260070,지니,6368(베이지),6368(베이지),베이지 V버클 플리츠 미니원피스,4,매칭완료,지니/6368(베이지)
N260071,지니,6370(핑크),6370(핑크),핑크 V버클 플리츠 미니원피스,4,매칭완료,지니/6370(핑크)
N260072,지니,사각쭈글원피스(핑크),사각쭈글원피스(핑크),핑크 진주 버튼 스퀘어넥 미니 원피스,4,매칭완료,지니/사각쭈글원피스(핑크)
N260073,지니,사각쭈글원피스(화이트),사각쭈글원피스(화이트),화이트 진주 버튼 스퀘어넥 미니 원피스,4,매칭완료,지니/사각쭈글원피스(화이트)
N260074,지니,사각쭈글원피스(검정),사각쭈글원피스(검정),블랙 진주 버튼 스퀘어넥 미니 원피스,4,매칭완료,지니/사각쭈글원피스(검정)
N260075,지니,사각쭈글투피스(소라),사각쭈글투피스(소라),소라 플레어크롭투피스,4,매칭완료,지니/사각쭈글투피스(소라)
N260076,지니,사각쭈글투피스(핑크),사각쭈글투피스(핑크),핑크 플레어크롭투피스,4,매칭완료,지니/사각쭈글투피스(핑크)
N260077,지니,사각쭈글투피스(화이트),사각쭈글투피스(화이트),화이트 플레어크롭투피스,4,매칭완료,지니/사각쭈글투피스(화이트)
N260078,지니,JN6316(소라),N6316,"소라 입체적이 셔링 디테일, 가슴 라인의 핀컥으로 핏을 살려주는 미디 원피스",4,매칭완료,지니/JN6316(소라)
N260079,지니,JN6373(민트),N6373,민트 셔링 크롭탑과 플레어 미니스커트의 조화,4,매칭완료,지니/JN6373(민트)
N260080,지니,시스룩긴팔원피스(검정),시스룩긴팔원피스(검정),블랙 시스루 레이스 원피스,4,매칭완료,지니/시스룩긴팔원피스(검정)
N260081,지니,시스룩긴팔원피스(화이트),시스룩긴팔원피스(화이트),화이트 시스루 레이스 원피스,4,매칭완료,지니/시스룩긴팔원피스(화이트)
N260082,지니,실루엣 롱 원피스(검정),실루엣_롱_원피스(검정),블랙 코르셋 롱 슬립 원피스,4,매칭완료,지니/실루엣 롱 원피스(검정)
N260083,지니,실루엣 롱 원피스(아이),실루엣_롱_원피스(아이),아이보리 코르셋 롱 슬립 원피스,4,매칭완료,지니/실루엣 롱 원피스(아이)
N260084,지니,실루엣 롱 원피스(핑크),실루엣_롱_원피스(핑크),핑크 코르셋 롱 슬립 원피스,4,매칭완료,지니/실루엣 롱 원피스(핑크)
N260085,지니,장미나시원피스 아이,장미나시원피스_아이,아이보리 입체 플라워 V넥 미디 원피스,4,매칭완료,지니/장미나시원피스 아이
N260086,지니,장미나시원피스 핑크,장미나시원피스_핑크,핑크 입체 플라워 V넥 미디 원피스,4,매칭완료,지니/장미나시원피스 핑크
N260087,지니,장미문향프릴원피스(검정),장미문향프릴원피스(검정),블랙 프릴 숄더 스팽글 미니 원피스,4,매칭완료,지니/장미문향프릴원피스(검정)
N260088,지니,장미문향프릴원피스(핑크),장미문향프릴원피스(핑크),핑크 프릴 숄더 스팽글 미니 원피스,4,매칭완료,지니/장미문향프릴원피스(핑크)
N260089,지니,핑크꽃무늬투피스,핑크꽃무늬투피스,핑크/아이보리 입체 플라워 시스루 크롭 블라우스,4,매칭완료,지니/핑크꽃무늬투피스
N260090,지니,핑크미디원피스,핑크미디원피스,핑크 입체적인 셔링 디테일과 핀턱이 몸매를 잡아주는 미디 원피스,4,매칭완료,지니/핑크미디원피스
N260091,지니,하늘꽃무늬투피스,하늘꽃무늬투피스,아이보리 입체 플라워 시스루 크롭 블라우스,4,매칭완료,지니/하늘꽃무늬투피스
N260092,지니,화이트미디원피스,화이트미디원피스,화이트 입체적인 셔링 디테일과 핀턱이 몸매를 잡아주는 미디 원피스,4,매칭완료,지니/화이트미디원피스
N260093,지니,횐색투피스,횐색투피스,화이트 셔링 크롭탑과 플레어 미니스커트의 조화,4,매칭완료,지니/횐색투피스
N260094,티아라,S409,S409,화이트 주얼장식 슬림 원피스,0,미매칭,ZIP 폴더 없음
N260095,티아라,S410,S410,블랙 주얼장식 원피스,0,미매칭,ZIP 폴더 없음
N260096,티아라,S411,S411,화이트 텍스처 튜브탑 원피스,0,미매칭,ZIP 폴더 없음
N260097,티아라,S412,S412,블랙 글리터 원피스,0,미매칭,ZIP 폴더 없음
N260098,티아라,S413,S413,블랙/화이트 트위드 홀터넥 A라인 원피스,0,미매칭,ZIP 폴더 없음
N260099,티아라,S414,S414,블루 페이즐리 프린트 나시 원피스,0,미매칭,ZIP 폴더 없음
N260100,티아라,S415,S415,아이보리 케이프 소매 A라인 원피스,0,미매칭,ZIP 폴더 없음
N260101,티아라,S416,S416,블랙 케이프 A라인 원피스,0,미매칭,ZIP 폴더 없음
N260102,티아라,S417,S417,화이트 레이스 A라인 원피스,0,미매칭,ZIP 폴더 없음
N260103,티아라,S418,S418,핑크 자카드 원피스,0,미매칭,ZIP 폴더 없음
N260104,티아라,S421 투피스,S421,화이트/블랙 원숄더 플리츠 투피스,0,미매칭,ZIP 폴더 없음
N260105,티아라,S422 투피스,S422,화이트 원숄더 플리츠 투피스,0,미매칭,ZIP 폴더 없음
N260106,티아라,S425번,S425,아이보리 체인 프린트 집업 원피스,0,미매칭,ZIP 폴더 없음
N260107,티아라,S426 투피스,S426,화이트 레이스 카라 투피스,0,미매칭,ZIP 폴더 없음
N260108,티아라,S427 투피스,S427,핑크 레이스 카라 투피스,0,미매칭,ZIP 폴더 없음
N260109,티아라,S428 투피스,S428,블랙 레이스 카라 투피스,0,미매칭,ZIP 폴더 없음
N260110,티아라,S429,S429,화이트/핑크/베이지 터틀넥 민소매 탑 3color,4,매칭완료,티아라/S429
N260111,티아라,S430,S430,화이트/블랙 카라 반소매 가디건 2color,4,매칭완료,티아라/S430
N260112,티아라,S431,S431,핑크/블랙 레이스 코르셋 탑 2color,4,매칭완료,티아라/S431
N260113,티아라,S432,S432,화이트/핑크/블랙 플라워 쉬폰 나시 탑 3color,4,매칭완료,티아라/S432
N260114,티아라,S433,S433,핑크/블랙 레이스 코르셋 뷔스티에 2color,4,매칭완료,티아라/S433
N260115,티아라,S437,S437,화이트/베이지 자수 장식 리브 탑 3color,4,매칭완료,티아라/S437
N260116,티아라,S438,S438,화이트/핑크 러플 롱슬리브 가디건 3color,4,매칭완료,티아라/S438
N260117,티아라,S439,S439,화이트/블루/베이지/블랙 스카프 넥타이 나시 탑 4color,4,매칭완료,티아라/S439
N260118,티아라,S440,S440,화이트/핑크 플라워 비즈 크롭 탑 2color,4,매칭완료,티아라/S440
N260119,티아라,S441,S441,블루/화이트 플라워 비즈 가디건 3color,4,매칭완료,티아라/S441
N260120,티아라,S442,S442,화이트/아이보리 브이넥 니트 가디건 2color,4,매칭완료,티아라/S442
N260121,티아라,S443 투피스,S443,화이트 주얼버튼 크롭 투피스,4,매칭완료,티아라/S443 투피스
N260122,티아라,S444 투피스,S444,핑크 S444 투피스,4,매칭완료,티아라/S444 투피스
N260123,티아라,S445 투피스,S445,민트 S445 투피스,4,매칭완료,티아라/S445 투피스
N260124,티아라,S446 투피스,S446,화이트 S446 투피스,4,매칭완료,티아라/S446 투피스
N260125,티아라,S447 투피스,S447,아이보리/블랙 S447 투피스,4,매칭완료,티아라/S447 투피스
N260126,티아라,S448 투피스,S448,화이트 상:프리사이즈,4,매칭완료,티아라/S448 투피스
N260127,티아라,S449 투피스,S449,핑크 상:프리사이즈,4,매칭완료,티아라/S449 투피스
N260128,티아라,S450 투피스,S450,블랙 상:프리사이즈,4,매칭완료,티아라/S450 투피스
N260129,티아라,S451 투피스,S451,아이보리 S451 투피스,4,매칭완료,티아라/S451 투피스
N260130,티아라,S452 투피스,S452,핑크 S452 투피스,4,매칭완료,티아라/S452 투피스
N260131,티아라,S453 투피스,S453,블랙 S453 투피스,4,매칭완료,티아라/S453 투피스
N260132,티아라,S454 3PS,S454,핑크/아이보리/베이지/소라 S454 3PS,4,매칭완료,티아라/S454 3PS
N260133,티아라,S455 투피스,S455,블랙 S455 투피스,4,매칭완료,티아라/S455 투피스
N260134,티아라,S456 투피스,S456,핑크 상:프리사이즈,4,매칭완료,티아라/S456 투피스
N260135,티아라,S457 투피스,S457,화이트 S457 투피스,4,매칭완료,티아라/S457 투피스
N260136,티아라,S458 투피스,S458,핑크 S458 투피스,4,매칭완료,티아라/S458 투피스
N260137,티아라,S459 투피스,S459,블랙 S459 투피스,4,매칭완료,티아라/S459 투피스
N260138,티아라,S460 투피스,S460,"베이지/아이보리/블랙/핑크 BL:54,000/SK:61,000 상의길이조절가능",4,매칭완료,티아라/S460 투피스
N260139,티아라,S461 투피스,S461,"핑크/아이보리 BL:72,000/SK:61,000",4,매칭완료,티아라/S461 투피스
N260140,티아라,S462 투피스,S462,"소라/아이보리/베이지/핑크/민트 상:프리사이즈(36,000)하:63,000",4,매칭완료,티아라/S462번 투피스
N260141,티아라,S463 투피스,S463,"소라/아이보리/베이지/핑크/민트 상:36,000(프리사이즈) 하:63,000",4,매칭완료,티아라/S463 투피스
N260142,티아라,S464 투피스,S464,"아이보리 상:57,000 하:54,000",4,매칭완료,티아라/S464 투피스
N260143,티아라,S465 투피스,S465,"블랙 상:57,000 하:54,000",4,매칭완료,티아라/S465 투피스
N260144,티아라,S479 투피스,S479,아이보리 S479 투피스,4,매칭완료,티아라/S479 투피스
N260145,티아라,S480 투피스,S480,핑크 S480 투피스,4,매칭완료,티아라/S480 투피스
N260146,티아라,S481 투피스,S481,그레이 S481 투피스,4,매칭완료,티아라/S481 투피스
N260147,티아라,S482,S482,오렌지 S482,4,매칭완료,티아라/S482
N260148,티아라,S483,S483,와인 S483,4,매칭완료,티아라/S483
N260149,티아라,S484,S484,블랙 S484,4,매칭완료,티아라/S484
N260150,티아라,S485,S485,아이보리 어깨끈조절가능,4,매칭완료,티아라/S485
N260151,티아라,S486,S486,핑크 어깨끈조절가능,4,매칭완료,티아라/S486
N260152,티아라,S487,S487,그레이 어깨끈조절가능,4,매칭완료,티아라/S487
N260153,티아라,S488,S488,블랙 어깨끈조절가능,4,매칭완료,티아라/S488
N260154,티아라,S489,S489,아이보리 뒷커버 탈부착가능,4,매칭완료,티아라/S489
N260155,티아라,S490,S490,핑크 뒷커버 탈부착가능,4,매칭완료,티아라/S490
N260156,티아라,S491,S491,블랙 뒷커버 탈부착가능,4,매칭완료,티아라/S491
N260157,티아라,S492,S492,핑크 S492,4,매칭완료,티아라/S492
N260158,티아라,S493,S493,민트 S493,4,매칭완료,티아라/S493
N260159,티아라,S494,S494,핑크 S494,4,매칭완료,티아라/S494
N260160,티아라,S495,S495,아이보리 S495,4,매칭완료,티아라/S495
N260161,티아라,S496,S496,핑크 S496,4,매칭완료,티아라/S496
N260162,티아라,S497,S497,그레이 S497,4,매칭완료,티아라/S497
N260163,티아라,S520,S520,화이트 S520,4,매칭완료,티아라/S520
N260164,티아라,S521,S521,블랙 S521,4,매칭완료,티아라/S521
N260165,티아라,S522,S522,아이보리 S522,4,매칭완료,티아라/S522
N260166,티아라,S523,S523,핑크 S523,4,매칭완료,티아라/S523
N260167,티아라,S524번,S524,아이보리 오프숄더 가슴쪽 리본,4,매칭완료,티아라/S524번
N260168,티아라,S525,S525,블랙 오프숄더 가슴쪽 리본,4,매칭완료,티아라/S525
N260169,티아라,S526,S526,아이보리 S526,4,매칭완료,티아라/S526
N260170,티아라,S527,S527,핑크 S527,4,매칭완료,티아라/S527
N260171,티아라,S528,S528,아이보리 끈나시 토트무뉘 A라인 미디원피스,4,매칭완료,티아라/S528
N260172,티아라,S529,S529,아이보리 S529,4,매칭완료,티아라/S529
N260173,티아라,S530,S530,핑크 S530,4,매칭완료,티아라/S530
N260174,티아라,S531,S531,아이보리 S531,4,매칭완료,티아라/S531
N260175,티아라,S532,S532,핑크 S532,4,매칭완료,티아라/S532
N260176,티아라,S533,S533,아이보리 뒤 하트모양이 포인트,4,매칭완료,티아라/S533
N260177,티아라,S534,S534,핑크 뒤 하트모양이 포인트,4,매칭완료,티아라/S534
N260178,티아라,S535,S535,아이보리 S535,4,매칭완료,티아라/S535
N260179,티아라,S536,S536,블랙 S536,4,매칭완료,티아라/S536
N260180,티아라,S537,S537,아이보리 S537,4,매칭완료,티아라/S537
N260181,티아라,S538,S538,핑크 S538,4,매칭완료,티아라/S538
N260182,티아라,S539,S539,소라 S539,4,매칭완료,티아라/S539
N260183,티아라,S540,S540,아이보리 S540,4,매칭완료,티아라/S540
N260184,티아라,S541,S541,블랙 S541,4,매칭완료,티아라/S541
N260185,티아라,S542,S542,아이보리 S542,4,매칭완료,티아라/S542
N260186,티아라,S543,S543,아이보리 끈조절가능함,4,매칭완료,티아라/S543
N260187,펄,S398 투피스,S398,아이보리 S398 투피스,4,매칭완료,펄/S398 투피스
N260188,펄,S399 투피스,S399,네이비 S399 투피스,4,매칭완료,펄/S399 투피스
N260189,펄,S501,S501,핑크/민트 S501,4,매칭완료,펄/S501
N260190,펄,S502,S502,아이보리 도트 A라인 미니원피스,4,매칭완료,펄/S502
N260191,펄,S503,S503,블랙 도트 A라인 미니원피스,4,매칭완료,펄/S503
N260192,펄,견장단추BL아이블랙,견장단추BL아이블랙,아이보리/블랙 견장단추BL아이블랙,4,매칭완료,펄/견장단추BL아이블랙
N260193,펄,다이아자수SK아이핑크,다이아자수SK아이핑크,아이보리/핑크 다이아자수SK아이핑크,4,매칭완료,펄/다이아자수SK아이핑크
N260194,펄,도뜨리본BL 델리SK(S397번 투피스P S396번 투피스I,S397,"아이보리/핑크 상:81,000 하:81,000",4,매칭완료,펄/도뜨리본BL 델리SK(S397번 투피스P S396번 투피스I
N260195,펄,링SK아이블랙,링SK아이블랙,아이보리/블랙 링SK아이블랙,4,매칭완료,펄/링SK아이블랙
N260196,펄,샹드리에SK아이핑크,샹드리에SK아이핑크,화이트/핑크 샹드리에SK아이핑크,4,매칭완료,펄/샹드리에SK아이핑크
N260197,펄,셔링나시 아이 중청(S436),S436,화이트/블루 셔링나시 아이 중청(S436),4,매칭완료,펄/셔링나시 아이 중청(S436)
N260198,펄,아코디언BL아이핑크(S435),S435,아코디언BL아이핑크(S435),4,매칭완료,펄/아코디언BL아이핑크(S435)
N260199,펄,오투3아이 블랙,오투3아이_블랙,아이보리/블랙 오투3아이 블랙,4,매칭완료,펄/오투3아이 블랙
N260200,펄,이중레이스훌BL핑크블루,이중레이스훌BL핑크블루,핑크/블루 이중레이스훌BL핑크블루,4,매칭완료,펄/이중레이스훌BL핑크블루
N260201,펄,자수미니SK아검,자수미니SK아검,아이보리/블랙 자수미니SK아검,4,매칭완료,펄/자수미니SK아검
N260202,펄,카라야투피스블랙블루,카라야투피스블랙블루,카라야투피스블랙블루,4,매칭완료,펄/카라야투피스블랙블루
N260203,펄,캔디원피스민트크림,캔디원피스민트크림,아이보리/민트 캔디원피스민트크림,4,매칭완료,펄/캔디원피스민트크림
N260204,펄,컷팅투피스아이블랙,컷팅투피스아이블랙,아이보리/블랙 컷팅투피스아이블랙,4,매칭완료,펄/컷팅투피스아이블랙
N260205,펄,코메즈 아이 핑크,코메즈_아이_핑크,아이보리/핑크 코메즈 아이 핑크,4,매칭완료,펄/코메즈 아이 핑크
N260206,펄,탑레이스 민트 아이(S434),S434,아이보리/민트 탑레이스 민트 아이(S434),4,매칭완료,펄/탑레이스 민트 아이(S434)
N260207,펄,팅커나시아이중청,팅커나시아이중청,아이보리/블루 팅커나시아이중청,4,매칭완료,펄/팅커나시아이중청
N260208,펄,폼폼투피스 소라아이(S401 투피스S400 투피스),S401,아이보리/민트 폼폼투피스 소라아이(S401 투피스S400 투피스),4,매칭완료,펄/폼폼투피스 소라아이(S401 투피스S400 투피스)
N260209,희야,S402 투피스,S402,화이트/블랙 화이트 레이스스커트 투피스,4,매칭완료,희야/S402 투피스
N260210,희야,S403 투피스,S403,화이트 주얼 트위드 투피스,4,매칭완료,희야/S403 투피스
N260211,희야,S404번 투피스,S404,라벤더 주얼 트위드 투피스,4,매칭완료,희야/S404번 투피스
N260212,희야,S407투피스,S407,화이트/블랙 스트라이프 스쿨룩 투피스,4,매칭완료,희야/S407투피스
N260213,희야,S408 투피스,S408,블루/그레이 블루 스트라이프 스쿨룩 투피스,4,매칭완료,희야/S408 투피스
N260214,희야,S498,S498,핑크 빅리본 버튼 미니드레스,4,매칭완료,희야/S498
N260215,희야,S499,S499,민트 빅리본 버튼 미니드레스,4,매칭완료,희야/S499
N260216,희야,S500,S500,블랙 빅리본 버튼 미니드레스,4,매칭완료,희야/S500
