code,supplier_code,price,image_count,main_image,name
N260197,S436,81000,6,assets/N260197_01.jpg,셔링 나시 탑
N260198,S435,81000,5,assets/N260198_01.jpg,아코디언 셔링 블라우스
N260206,S434,81000,5,assets/N260206_01.jpg,레이스 슬리브리스 탑
N260112,S431,65000,8,assets/N260112_01.jpg,레이스 코르셋 탑
N260110,S429,32000,19,assets/N260110_01.jpg,터틀넥 민소매 탑
N260113,S432,64000,7,assets/N260113_01.jpg,플라워 쉬폰 나시 탑
N260115,S437,57000,7,assets/N260115_01.jpg,자수 장식 리브 탑
N260196,S328,81000,5,assets/N260196_01.jpg,샹드리에 포인트 스커트
N260195,S329,81000,6,assets/N260195_01.jpg,링 포인트 스커트
N260114,S433,63000,8,assets/N260114_01.jpg,레이스 코르셋 뷔스티에