code,상품명,교체전대표이미지,교체후대표이미지,적용태그전,적용태그후,승인여부,검수결과,수정필요사항,실물대조필요,우선검수순번,대표컷적합여부,A라인검수,슬림핏검수,비고
ANC-4001,버튼셔링 원피스,assets/products/ank/generated/ANC-4001/ANC-4001-main.jpg,assets/products/ank/generated/ANC-4001/ANC-4001-main.jpg,NEW / 미니 원피스 컬렉션 / MINI / 미니 / 섹시 / 슬림 / 클럽 / 원피스 버튼 셔링 슬림글램 / 원피스 버튼 셔링 슬림글램,NEW / 미니 원피스 컬렉션 / MINI / 미니 / 섹시 / 슬림 / 클럽 / 원피스 버튼 셔링 슬림글램 / A라인 / 슬림핏 / 여성스러운핏 / 페미닌 / 라인감 / 셔링 / 미니원피스,수정,5컷 구성/태그 검수 필요,5번 제품컷 필요(현재 디테일컷); A라인 과잉 적용 여부 재검수,예,1,검수필요,재검수,적용후보,생성컷/기존컷 순서 검수 필요
ANC-4002,배색스퀘어 플레어 원피스,assets/ANC-4002_01.jpg,assets/products/ank/generated/ANC-4002/ANC-4002-main.jpg,NEW / 미니 원피스 컬렉션 / MINI / 미니 / 데일리 / 러블리 / 플레어 / 원피스 플레어 배색 러블리데일리 / 원피스 플레어 배색 러블리데일리,NEW / 미니 원피스 컬렉션 / MINI / 미니 / 데일리 / 러블리 / 플레어 / 원피스 플레어 배색 러블리데일리 / A라인 / 슬림핏 / 여성스러운핏 / 페미닌 / 라인감 / 배색 / 미니원피스,수정,5컷 구성/태그 검수 필요,쇼룸용 5컷 생성 필요; 슬림핏 과잉 적용 여부 재검수,예,2,검수필요,적용후보,재검수,5컷 미만. 쇼룸용 5컷 생성 후보
ANC-4003,프릴블라우스 배색 원피스,assets/products/ank/generated/ANC-4003/ANC-4003-main-clean.jpg,assets/products/ank/generated/ANC-4003/ANC-4003-main-clean.jpg,NEW / 미니 원피스 컬렉션 / MINI / 미니 / 데일리 / 러블리 / 플레어 / 원피스 프릴 배색 러블리데일리 / 원피스 프릴 배색 러블리데일리,NEW / 미니 원피스 컬렉션 / MINI / 미니 / 데일리 / 러블리 / 플레어 / 원피스 프릴 배색 러블리데일리 / A라인 / 슬림핏 / 여성스러운핏 / 페미닌 / 라인감 / 배색 / 프릴 / 미니원피스,수정,5컷 구성/태그 검수 필요,2번 전신컷 필요(현재 메인컷); 3번 측면 또는 후면 필요(현재 전신컷); 4번 디테일컷 필요(현재 측면 또는 후면); 5번 제품컷 필요(현재 디테일컷); 슬림핏 과잉 적용 여부 재검수,예,3,검수필요,적용후보,재검수,생성컷/기존컷 순서 검수 필요
ANC-4004,세일러카라 플레어 원피스,assets/ANC-4004_01.jpg,assets/products/ank/generated/ANC-4004/ANC-4004-main.jpg,NEW / 미니 원피스 컬렉션 / MINI / 미니 / 데일리 / 러블리 / 플레어 / 원피스 카라 세일러카라 플레어 러블리데일리 / 원피스 카라 세일러카라 플레어 러블리데일리,NEW / 미니 원피스 컬렉션 / MINI / 미니 / 데일리 / 러블리 / 플레어 / 원피스 카라 세일러카라 플레어 러블리데일리 / A라인 / 슬림핏 / 여성스러운핏 / 페미닌 / 라인감 / 미니원피스,수정,5컷 구성/태그 검수 필요,쇼룸용 5컷 생성 필요; 슬림핏 과잉 적용 여부 재검수,예,4,검수필요,적용후보,재검수,5컷 미만. 쇼룸용 5컷 생성 후보
ANC-4005,오프숄더 러플 원피스,assets/ANC-4005_01.jpg,assets/products/ank/generated/ANC-4005/ANC-4005-main.jpg,NEW / 미니 원피스 컬렉션 / MINI / 미니 / 데일리 / 러블리 / 플레어 / 원피스 오프숄더 러플 러블리데일리 / 원피스 오프숄더 러플 러블리데일리,NEW / 미니 원피스 컬렉션 / MINI / 미니 / 데일리 / 러블리 / 플레어 / 원피스 오프숄더 러플 러블리데일리 / A라인 / 슬림핏 / 여성스러운핏 / 페미닌 / 라인감 / 미니원피스,수정,5컷 구성/태그 검수 필요,쇼룸용 5컷 생성 필요; 슬림핏 과잉 적용 여부 재검수,예,5,검수필요,적용후보,재검수,5컷 미만. 쇼룸용 5컷 생성 후보
ANC-4006,레이스숄더 플레어 원피스,assets/ANC-4006_01.jpg,assets/products/ank/generated/ANC-4006/ANC-4006-main.jpg,NEW / 미니 원피스 컬렉션 / MINI / 미니 / 데일리 / 러블리 / 플레어 / 원피스 레이스 플레어 러블리데일리 / 원피스 레이스 플레어 러블리데일리,NEW / 미니 원피스 컬렉션 / MINI / 미니 / 데일리 / 러블리 / 플레어 / 원피스 레이스 플레어 러블리데일리 / A라인 / 슬림핏 / 여성스러운핏 / 페미닌 / 라인감 / 미니원피스,수정,5컷 구성/태그 검수 필요,쇼룸용 5컷 생성 필요; 슬림핏 과잉 적용 여부 재검수,예,6,검수필요,적용후보,재검수,5컷 미만. 쇼룸용 5컷 생성 후보
ANC-4007,체크셔링 원피스,assets/ANC-4007_01.jpg,assets/products/ank/generated/ANC-4007/ANC-4007-main.jpg,NEW / 미니 원피스 컬렉션 / MINI / 미니 / 데일리 / 러블리 / 플레어 / 원피스 셔링 체크 러블리데일리 / 원피스 셔링 체크 러블리데일리,NEW / 미니 원피스 컬렉션 / MINI / 미니 / 데일리 / 러블리 / 플레어 / 원피스 셔링 체크 러블리데일리 / A라인 / 슬림핏 / 여성스러운핏 / 페미닌 / 라인감 / 셔링 / 미니원피스,승인,사용자 검수 반영: 슬림핏 확정,슬림핏 적용후보 승인,아니오,7,검수필요,적용후보,승인,5컷 미만. 쇼룸용 5컷 생성 후보 / 사용자 지정 코드 슬림핏 확정
ANC-4008,펀칭레이스 플레어 원피스,assets/ANC-4008_01.jpg,assets/products/ank/generated/ANC-4008/ANC-4008-main.jpg,NEW / 미니 원피스 컬렉션 / MINI / 미니 / 데일리 / 러블리 / 플레어 / 원피스 레이스 플레어 펀칭 러블리데일리 / 원피스 레이스 플레어 펀칭 러블리데일리,NEW / 미니 원피스 컬렉션 / MINI / 미니 / 데일리 / 러블리 / 플레어 / 원피스 레이스 플레어 펀칭 러블리데일리 / A라인 / 슬림핏 / 여성스러운핏 / 페미닌 / 라인감 / 미니원피스,수정,5컷 구성/태그 검수 필요,쇼룸용 5컷 생성 필요; 슬림핏 과잉 적용 여부 재검수,예,8,검수필요,적용후보,재검수,5컷 미만. 쇼룸용 5컷 생성 후보
ANC-4009,랩셔링 원피스,assets/ANC-4009_01.jpg,assets/products/ank/generated/ANC-4009/ANC-4009-main.jpg,NEW / 미니 원피스 컬렉션 / MINI / 미니 / 섹시 / 슬림 / 클럽 / 원피스 셔링 랩 슬림글램 / 원피스 셔링 랩 슬림글램,NEW / 미니 원피스 컬렉션 / MINI / 미니 / 섹시 / 슬림 / 클럽 / 원피스 셔링 랩 슬림글램 / A라인 / 슬림핏 / 여성스러운핏 / 페미닌 / 라인감 / 셔링 / 미니원피스,수정,5컷 구성/태그 검수 필요,쇼룸용 5컷 생성 필요; A라인 과잉 적용 여부 재검수,예,9,검수필요,재검수,적용후보,5컷 미만. 쇼룸용 5컷 생성 후보
ANC-4010,스트라이프 플레어 원피스,assets/ANC-4010_01.jpg,assets/products/ank/generated/ANC-4010/ANC-4010-main.jpg,NEW / 미니 원피스 컬렉션 / MINI / 미니 / 데일리 / 러블리 / 플레어 / 원피스 플레어 스트라이프 러블리데일리 / 원피스 플레어 스트라이프 러블리데일리,NEW / 미니 원피스 컬렉션 / MINI / 미니 / 데일리 / 러블리 / 플레어 / 원피스 플레어 스트라이프 러블리데일리 / A라인 / 슬림핏 / 여성스러운핏 / 페미닌 / 라인감 / 미니원피스,수정,5컷 구성/태그 검수 필요,쇼룸용 5컷 생성 필요; 슬림핏 과잉 적용 여부 재검수,예,10,검수필요,적용후보,재검수,5컷 미만. 쇼룸용 5컷 생성 후보
ANC-4011,드레이프셔링 원피스,assets/ANC-4011_01.jpg,assets/products/ank/generated/ANC-4011/ANC-4011-main.jpg,NEW / 미니 원피스 컬렉션 / MINI / 미니 / 섹시 / 슬림 / 클럽 / 원피스 셔링 드레이프 슬림글램 / 원피스 셔링 드레이프 슬림글램,NEW / 미니 원피스 컬렉션 / MINI / 미니 / 섹시 / 슬림 / 클럽 / 원피스 셔링 드레이프 슬림글램 / A라인 / 슬림핏 / 여성스러운핏 / 페미닌 / 라인감 / 셔링 / 미니원피스,수정,5컷 구성/태그 검수 필요,쇼룸용 5컷 생성 필요; A라인 과잉 적용 여부 재검수,예,11,검수필요,재검수,적용후보,5컷 미만. 쇼룸용 5컷 생성 후보
ANC-4012,더블버튼 플레어 원피스,assets/ANC-4012_01.jpg,assets/products/ank/generated/ANC-4012/ANC-4012-main.jpg,NEW / 미니 원피스 컬렉션 / MINI / 미니 / 데일리 / 러블리 / 플레어 / 원피스 더블버튼 버튼 플레어 러블리데일리 / 원피스 더블버튼 버튼 플레어 러블리데일리,NEW / 미니 원피스 컬렉션 / MINI / 미니 / 데일리 / 러블리 / 플레어 / 원피스 더블버튼 버튼 플레어 러블리데일리 / A라인 / 슬림핏 / 여성스러운핏 / 페미닌 / 라인감 / 미니원피스,수정,5컷 구성/태그 검수 필요,쇼룸용 5컷 생성 필요; 슬림핏 과잉 적용 여부 재검수,예,12,검수필요,적용후보,재검수,5컷 미만. 쇼룸용 5컷 생성 후보
ANC-4013,리본블라우스 셔링 원피스,assets/ANC-4013_01.jpg,assets/products/ank/generated/ANC-4013/ANC-4013-main.jpg,NEW / 미니 원피스 컬렉션 / MINI / 미니 / 데일리 / 러블리 / 플레어 / 원피스 리본 셔링 러블리데일리 / 원피스 리본 셔링 러블리데일리,NEW / 미니 원피스 컬렉션 / MINI / 미니 / 데일리 / 러블리 / 플레어 / 원피스 리본 셔링 러블리데일리 / A라인 / 슬림핏 / 여성스러운핏 / 페미닌 / 라인감 / 셔링 / 미니원피스,승인,사용자 검수 반영: 슬림핏 확정,슬림핏 적용후보 승인,아니오,13,검수필요,적용후보,승인,5컷 미만. 쇼룸용 5컷 생성 후보 / 사용자 지정 코드 슬림핏 확정
ANC-4014,더블버튼 레이스 원피스,assets/ANC-4014_01.jpg,assets/products/ank/generated/ANC-4014/ANC-4014-main.jpg,NEW / 미니 원피스 컬렉션 / MINI / 미니 / 데일리 / 러블리 / 플레어 / 원피스 레이스 더블버튼 버튼 러블리데일리 / 원피스 레이스 더블버튼 버튼 러블리데일리,NEW / 미니 원피스 컬렉션 / MINI / 미니 / 데일리 / 러블리 / 플레어 / 원피스 레이스 더블버튼 버튼 러블리데일리 / A라인 / 슬림핏 / 여성스러운핏 / 페미닌 / 라인감 / 미니원피스,수정,5컷 구성/태그 검수 필요,쇼룸용 5컷 생성 필요; 슬림핏 과잉 적용 여부 재검수,예,14,검수필요,적용후보,재검수,5컷 미만. 쇼룸용 5컷 생성 후보
ANC-4015,랩카라 셔링 원피스,assets/ANC-4015_01.jpg,assets/products/ank/generated/ANC-4015/ANC-4015-main.jpg,NEW / 미니 원피스 컬렉션 / MINI / 미니 / 섹시 / 슬림 / 클럽 / 원피스 카라 셔링 랩 슬림글램 / 원피스 카라 셔링 랩 슬림글램,NEW / 미니 원피스 컬렉션 / MINI / 미니 / 섹시 / 슬림 / 클럽 / 원피스 카라 셔링 랩 슬림글램 / A라인 / 슬림핏 / 여성스러운핏 / 페미닌 / 라인감 / 셔링 / 미니원피스,수정,5컷 구성/태그 검수 필요,쇼룸용 5컷 생성 필요; A라인 과잉 적용 여부 재검수,예,15,검수필요,재검수,적용후보,5컷 미만. 쇼룸용 5컷 생성 후보
ANC-4016,스트라이프니트 플레어 원피스,assets/ANC-4016_01.jpg,assets/products/ank/generated/ANC-4016/ANC-4016-main.jpg,NEW / 미니 원피스 컬렉션 / MINI / 미니 / 데일리 / 러블리 / 플레어 / 원피스 플레어 스트라이프 러블리데일리 / 원피스 플레어 스트라이프 러블리데일리,NEW / 미니 원피스 컬렉션 / MINI / 미니 / 데일리 / 러블리 / 플레어 / 원피스 플레어 스트라이프 러블리데일리 / A라인 / 슬림핏 / 여성스러운핏 / 페미닌 / 라인감 / 미니원피스,수정,5컷 구성/태그 검수 필요,쇼룸용 5컷 생성 필요; 슬림핏 과잉 적용 여부 재검수,예,16,검수필요,적용후보,재검수,5컷 미만. 쇼룸용 5컷 생성 후보
ANC-4017,레이스시스루 셔링 원피스,assets/ANC-4017_01.jpg,assets/products/ank/generated/ANC-4017/ANC-4017-main.jpg,NEW / 미니 원피스 컬렉션 / MINI / 미니 / 데일리 / 러블리 / 플레어 / 원피스 레이스 셔링 시스루 러블리데일리 / 원피스 레이스 셔링 시스루 러블리데일리,NEW / 미니 원피스 컬렉션 / MINI / 미니 / 데일리 / 러블리 / 플레어 / 원피스 레이스 셔링 시스루 러블리데일리 / A라인 / 슬림핏 / 여성스러운핏 / 페미닌 / 라인감 / 셔링 / 미니원피스,승인,사용자 검수 반영: 슬림핏 확정,슬림핏 적용후보 승인,아니오,17,검수필요,적용후보,승인,5컷 미만. 쇼룸용 5컷 생성 후보 / 사용자 지정 코드 슬림핏 확정
ANC-4018,숄더포인트 플레어 원피스,assets/ANC-4018_01.jpg,assets/products/ank/generated/ANC-4018/ANC-4018-main.jpg,NEW / 미니 원피스 컬렉션 / MINI / 미니 / 데일리 / 러블리 / 플레어 / 원피스 플레어 러블리데일리 / 원피스 플레어 러블리데일리,NEW / 미니 원피스 컬렉션 / MINI / 미니 / 데일리 / 러블리 / 플레어 / 원피스 플레어 러블리데일리 / A라인 / 슬림핏 / 여성스러운핏 / 페미닌 / 라인감 / 미니원피스,수정,5컷 구성/태그 검수 필요,쇼룸용 5컷 생성 필요; 슬림핏 과잉 적용 여부 재검수,예,18,검수필요,적용후보,재검수,5컷 미만. 쇼룸용 5컷 생성 후보
ANC-4019,드레이프셔링 원피스,assets/ANC-4019_01.jpg,assets/products/ank/generated/ANC-4019/ANC-4019-main.jpg,NEW / 미니 원피스 컬렉션 / MINI / 미니 / 섹시 / 슬림 / 클럽 / 원피스 셔링 드레이프 슬림글램 / 원피스 셔링 드레이프 슬림글램,NEW / 미니 원피스 컬렉션 / MINI / 미니 / 섹시 / 슬림 / 클럽 / 원피스 셔링 드레이프 슬림글램 / A라인 / 슬림핏 / 여성스러운핏 / 페미닌 / 라인감 / 셔링 / 미니원피스,수정,5컷 구성/태그 검수 필요,쇼룸용 5컷 생성 필요; A라인 과잉 적용 여부 재검수,예,19,검수필요,재검수,적용후보,5컷 미만. 쇼룸용 5컷 생성 후보
ANC-4020,블라우스배색 플레어 원피스,assets/products/ank/generated/ANC-4020/ANC-4020-main.jpg,assets/products/ank/generated/ANC-4020/ANC-4020-main.jpg,NEW / 미니 원피스 컬렉션 / MINI / 미니 / 데일리 / 러블리 / 플레어 / 원피스 플레어 배색 러블리데일리 / 원피스 플레어 배색 러블리데일리,NEW / 미니 원피스 컬렉션 / MINI / 미니 / 데일리 / 러블리 / 플레어 / 원피스 플레어 배색 러블리데일리 / A라인 / 슬림핏 / 여성스러운핏 / 페미닌 / 라인감 / 배색 / 미니원피스,수정,5컷 구성/태그 검수 필요,5번 제품컷 필요(현재 디테일컷); 슬림핏 과잉 적용 여부 재검수,예,20,검수필요,적용후보,재검수,생성컷/기존컷 순서 검수 필요
ANC-4021,랩포인트 셔링 원피스,assets/ANC-4021_01.jpg,assets/products/ank/generated/ANC-4021/ANC-4021-main.jpg,NEW / 미니 원피스 컬렉션 / MINI / 미니 / 섹시 / 슬림 / 클럽 / 원피스 셔링 랩 슬림글램 / 원피스 셔링 랩 슬림글램,NEW / 미니 원피스 컬렉션 / MINI / 미니 / 섹시 / 슬림 / 클럽 / 원피스 셔링 랩 슬림글램 / A라인 / 슬림핏 / 여성스러운핏 / 페미닌 / 라인감 / 셔링 / 미니원피스,수정,5컷 구성/태그 검수 필요,쇼룸용 5컷 생성 필요; A라인 과잉 적용 여부 재검수,예,21,검수필요,재검수,적용후보,5컷 미만. 쇼룸용 5컷 생성 후보
ANC-4022,스퀘어넥 버튼 플레어 원피스,assets/ANC-4022_01.jpg,assets/products/ank/generated/ANC-4022/ANC-4022-main.jpg,NEW / 미니 원피스 컬렉션 / MINI / 미니 / 데일리 / 러블리 / 플레어 / 원피스 스퀘어넥 버튼 플레어 러블리데일리 / 원피스 스퀘어넥 버튼 플레어 러블리데일리,NEW / 미니 원피스 컬렉션 / MINI / 미니 / 데일리 / 러블리 / 플레어 / 원피스 스퀘어넥 버튼 플레어 러블리데일리 / A라인 / 슬림핏 / 여성스러운핏 / 페미닌 / 라인감 / 미니원피스,수정,5컷 구성/태그 검수 필요,쇼룸용 5컷 생성 필요; 슬림핏 과잉 적용 여부 재검수,예,22,검수필요,적용후보,재검수,5컷 미만. 쇼룸용 5컷 생성 후보
ANC-4023,러플숄더 셔링 원피스,assets/ANC-4023_01.jpg,assets/products/ank/generated/ANC-4023/ANC-4023-main.jpg,NEW / 미니 원피스 컬렉션 / MINI / 미니 / 데일리 / 러블리 / 플레어 / 원피스 러플 셔링 러블리데일리 / 원피스 러플 셔링 러블리데일리,NEW / 미니 원피스 컬렉션 / MINI / 미니 / 데일리 / 러블리 / 플레어 / 원피스 러플 셔링 러블리데일리 / A라인 / 슬림핏 / 여성스러운핏 / 페미닌 / 라인감 / 셔링 / 미니원피스,승인,사용자 검수 반영: 슬림핏 확정,슬림핏 적용후보 승인,아니오,23,검수필요,적용후보,승인,5컷 미만. 쇼룸용 5컷 생성 후보 / 사용자 지정 코드 슬림핏 확정
ANC-4024,빅리본 플레어 원피스,assets/ANC-4024_01.jpg,assets/products/ank/generated/ANC-4024/ANC-4024-main.jpg,NEW / 미니 원피스 컬렉션 / MINI / 미니 / 데일리 / 러블리 / 플레어 / 원피스 리본 빅리본 플레어 러블리데일리 / 원피스 리본 빅리본 플레어 러블리데일리,NEW / 미니 원피스 컬렉션 / MINI / 미니 / 데일리 / 러블리 / 플레어 / 원피스 리본 빅리본 플레어 러블리데일리 / A라인 / 슬림핏 / 여성스러운핏 / 페미닌 / 라인감 / 미니원피스,수정,5컷 구성/태그 검수 필요,쇼룸용 5컷 생성 필요; 슬림핏 과잉 적용 여부 재검수,예,24,검수필요,적용후보,재검수,5컷 미만. 쇼룸용 5컷 생성 후보
ANC-4025,셔츠카라 랩스커트 원피스,assets/ANC-4025_01.jpg,assets/products/ank/generated/ANC-4025/ANC-4025-main.jpg,NEW / 미니 원피스 컬렉션 / MINI / 미니 / 섹시 / 슬림 / 클럽 / 원피스 카라 셔츠카라 랩 슬림글램포인트 / 원피스 카라 셔츠카라 랩 슬림글램포인트,NEW / 미니 원피스 컬렉션 / MINI / 미니 / 섹시 / 슬림 / 클럽 / 원피스 카라 셔츠카라 랩 슬림글램포인트 / A라인 / 슬림핏 / 여성스러운핏 / 페미닌 / 라인감 / 미니원피스,수정,5컷 구성/태그 검수 필요,쇼룸용 5컷 생성 필요; A라인 과잉 적용 여부 재검수,예,25,검수필요,재검수,적용후보,5컷 미만. 쇼룸용 5컷 생성 후보
ANC-4026,더블버튼 플레어 원피스,assets/ANC-4026_01.jpg,assets/products/ank/generated/ANC-4026/ANC-4026-main.jpg,NEW / 미니 원피스 컬렉션 / MINI / 미니 / 데일리 / 러블리 / 플레어 / 원피스 더블버튼 버튼 플레어 러블리데일리 / 원피스 더블버튼 버튼 플레어 러블리데일리,NEW / 미니 원피스 컬렉션 / MINI / 미니 / 데일리 / 러블리 / 플레어 / 원피스 더블버튼 버튼 플레어 러블리데일리 / A라인 / 슬림핏 / 여성스러운핏 / 페미닌 / 라인감 / 미니원피스,수정,5컷 구성/태그 검수 필요,쇼룸용 5컷 생성 필요; 슬림핏 과잉 적용 여부 재검수,예,26,검수필요,적용후보,재검수,5컷 미만. 쇼룸용 5컷 생성 후보
ANC-4027,프릴숄더 셔링 원피스,assets/ANC-4027_01.jpg,assets/products/ank/generated/ANC-4027/ANC-4027-main.jpg,NEW / 미니 원피스 컬렉션 / MINI / 미니 / 데일리 / 러블리 / 플레어 / 원피스 프릴 셔링 러블리데일리 / 원피스 프릴 셔링 러블리데일리,NEW / 미니 원피스 컬렉션 / MINI / 미니 / 데일리 / 러블리 / 플레어 / 원피스 프릴 셔링 러블리데일리 / A라인 / 슬림핏 / 여성스러운핏 / 페미닌 / 라인감 / 프릴 / 셔링 / 미니원피스,승인,사용자 검수 반영: 슬림핏 확정,슬림핏 적용후보 승인,아니오,27,검수필요,적용후보,승인,5컷 미만. 쇼룸용 5컷 생성 후보 / 사용자 지정 코드 슬림핏 확정
ANC-4028,배색라인 플레어 원피스,assets/ANC-4028_01.jpg,assets/products/ank/generated/ANC-4028/ANC-4028-main.jpg,NEW / 미니 원피스 컬렉션 / MINI / 미니 / 데일리 / 러블리 / 플레어 / 원피스 플레어 배색 러블리데일리 / 원피스 플레어 배색 러블리데일리,NEW / 미니 원피스 컬렉션 / MINI / 미니 / 데일리 / 러블리 / 플레어 / 원피스 플레어 배색 러블리데일리 / A라인 / 슬림핏 / 여성스러운핏 / 페미닌 / 라인감 / 배색 / 미니원피스,수정,5컷 구성/태그 검수 필요,쇼룸용 5컷 생성 필요; 슬림핏 과잉 적용 여부 재검수,예,28,검수필요,적용후보,재검수,5컷 미만. 쇼룸용 5컷 생성 후보
ANC-4029,스트라이프 리본 원피스,assets/ANC-4029_01.jpg,assets/products/ank/generated/ANC-4029/ANC-4029-main.jpg,NEW / 미니 원피스 컬렉션 / MINI / 미니 / 데일리 / 러블리 / 플레어 / 원피스 리본 스트라이프 러블리데일리 / 원피스 리본 스트라이프 러블리데일리,NEW / 미니 원피스 컬렉션 / MINI / 미니 / 데일리 / 러블리 / 플레어 / 원피스 리본 스트라이프 러블리데일리 / A라인 / 슬림핏 / 여성스러운핏 / 페미닌 / 라인감 / 미니원피스,수정,5컷 구성/태그 검수 필요,쇼룸용 5컷 생성 필요; 슬림핏 과잉 적용 여부 재검수,예,29,검수필요,적용후보,재검수,5컷 미만. 쇼룸용 5컷 생성 후보
ANC-4030,레이스숄더 플레어 원피스,assets/ANC-4030_01.jpg,assets/products/ank/generated/ANC-4030/ANC-4030-main.jpg,NEW / 미니 원피스 컬렉션 / MINI / 미니 / 데일리 / 러블리 / 플레어 / 원피스 레이스 플레어 러블리데일리 / 원피스 레이스 플레어 러블리데일리,NEW / 미니 원피스 컬렉션 / MINI / 미니 / 데일리 / 러블리 / 플레어 / 원피스 레이스 플레어 러블리데일리 / A라인 / 슬림핏 / 여성스러운핏 / 페미닌 / 라인감 / 미니원피스,수정,5컷 구성/태그 검수 필요,쇼룸용 5컷 생성 필요; 슬림핏 과잉 적용 여부 재검수,예,30,검수필요,적용후보,재검수,5컷 미만. 쇼룸용 5컷 생성 후보
ANC-4031,사이드드레이프 언발 원피스,assets/ANC-4031_01.jpg,assets/products/ank/generated/ANC-4031/ANC-4031-main.jpg,NEW / 미니 원피스 컬렉션 / MINI / 미니 / 섹시 / 슬림 / 클럽 / 원피스 드레이프 언발 슬림글램포인트 / 원피스 드레이프 언발 슬림글램포인트,NEW / 미니 원피스 컬렉션 / MINI / 미니 / 섹시 / 슬림 / 클럽 / 원피스 드레이프 언발 슬림글램포인트 / A라인 / 슬림핏 / 여성스러운핏 / 페미닌 / 라인감 / 미니원피스,수정,5컷 구성/태그 검수 필요,쇼룸용 5컷 생성 필요; A라인 과잉 적용 여부 재검수,예,31,검수필요,재검수,적용후보,5컷 미만. 쇼룸용 5컷 생성 후보
ANC-4032,레이스플레어 원피스,assets/ANC-4032_01.jpg,assets/products/ank/generated/ANC-4032/ANC-4032-main.jpg,NEW / 미니 원피스 컬렉션 / MINI / 미니 / 데일리 / 러블리 / 플레어 / 원피스 레이스 플레어 러블리데일리 / 원피스 레이스 플레어 러블리데일리,NEW / 미니 원피스 컬렉션 / MINI / 미니 / 데일리 / 러블리 / 플레어 / 원피스 레이스 플레어 러블리데일리 / A라인 / 슬림핏 / 여성스러운핏 / 페미닌 / 라인감 / 미니원피스,수정,5컷 구성/태그 검수 필요,쇼룸용 5컷 생성 필요; 슬림핏 과잉 적용 여부 재검수,예,32,검수필요,적용후보,재검수,5컷 미만. 쇼룸용 5컷 생성 후보
ANC-4033,스퀘어넥 버튼 원피스,assets/ANC-4033_01.jpg,assets/products/ank/generated/ANC-4033/ANC-4033-main.jpg,NEW / 미니 원피스 컬렉션 / MINI / 미니 / 데일리 / 러블리 / 플레어 / 원피스 스퀘어넥 버튼 데일리페미닌 / 원피스 스퀘어넥 버튼 데일리페미닌,NEW / 미니 원피스 컬렉션 / MINI / 미니 / 데일리 / 러블리 / 플레어 / 원피스 스퀘어넥 버튼 데일리페미닌 / A라인 / 슬림핏 / 여성스러운핏 / 페미닌 / 라인감 / 미니원피스,수정,5컷 구성/태그 검수 필요,쇼룸용 5컷 생성 필요; 슬림핏 과잉 적용 여부 재검수,예,33,검수필요,적용후보,재검수,5컷 미만. 쇼룸용 5컷 생성 후보
ANC-4034,프릴라인 플레어 원피스,assets/ANC-4034_01.jpg,assets/products/ank/generated/ANC-4034/ANC-4034-main.jpg,NEW / 미니 원피스 컬렉션 / MINI / 미니 / 데일리 / 러블리 / 플레어 / 원피스 프릴 플레어 러블리데일리 / 원피스 프릴 플레어 러블리데일리,NEW / 미니 원피스 컬렉션 / MINI / 미니 / 데일리 / 러블리 / 플레어 / 원피스 프릴 플레어 러블리데일리 / A라인 / 슬림핏 / 여성스러운핏 / 페미닌 / 라인감 / 프릴 / 미니원피스,수정,5컷 구성/태그 검수 필요,쇼룸용 5컷 생성 필요; 슬림핏 과잉 적용 여부 재검수,예,34,검수필요,적용후보,재검수,5컷 미만. 쇼룸용 5컷 생성 후보
ANC-4035,오프숄더 리본 원피스,assets/ANC-4035_01.jpg,assets/products/ank/generated/ANC-4035/ANC-4035-main.jpg,NEW / 미니 원피스 컬렉션 / MINI / 미니 / 데일리 / 러블리 / 플레어 / 원피스 오프숄더 리본 러블리데일리 / 원피스 오프숄더 리본 러블리데일리,NEW / 미니 원피스 컬렉션 / MINI / 미니 / 데일리 / 러블리 / 플레어 / 원피스 오프숄더 리본 러블리데일리 / A라인 / 슬림핏 / 여성스러운핏 / 페미닌 / 라인감 / 미니원피스,수정,5컷 구성/태그 검수 필요,쇼룸용 5컷 생성 필요; 슬림핏 과잉 적용 여부 재검수,예,35,검수필요,적용후보,재검수,5컷 미만. 쇼룸용 5컷 생성 후보
ANC-4036,카라버튼 플레어 원피스,assets/ANC-4036_01.jpg,assets/products/ank/generated/ANC-4036/ANC-4036-main.jpg,NEW / 미니 원피스 컬렉션 / MINI / 미니 / 데일리 / 러블리 / 플레어 / 원피스 카라 버튼 플레어 러블리데일리 / 원피스 카라 버튼 플레어 러블리데일리,NEW / 미니 원피스 컬렉션 / MINI / 미니 / 데일리 / 러블리 / 플레어 / 원피스 카라 버튼 플레어 러블리데일리 / A라인 / 슬림핏 / 여성스러운핏 / 페미닌 / 라인감 / 미니원피스,수정,5컷 구성/태그 검수 필요,쇼룸용 5컷 생성 필요; 슬림핏 과잉 적용 여부 재검수,예,36,검수필요,적용후보,재검수,5컷 미만. 쇼룸용 5컷 생성 후보
ANC-4037,리본블라우스 배색 원피스,assets/ANC-4037_01.jpg,assets/products/ank/generated/ANC-4037/ANC-4037-main.jpg,NEW / 미니 원피스 컬렉션 / MINI / 미니 / 데일리 / 러블리 / 플레어 / 원피스 리본 배색 러블리데일리 / 원피스 리본 배색 러블리데일리,NEW / 미니 원피스 컬렉션 / MINI / 미니 / 데일리 / 러블리 / 플레어 / 원피스 리본 배색 러블리데일리 / A라인 / 슬림핏 / 여성스러운핏 / 페미닌 / 라인감 / 배색 / 미니원피스,수정,5컷 구성/태그 검수 필요,쇼룸용 5컷 생성 필요; 슬림핏 과잉 적용 여부 재검수,예,37,검수필요,적용후보,재검수,5컷 미만. 쇼룸용 5컷 생성 후보
ANC-4038,체크버튼 플레어 원피스,assets/ANC-4038_01.jpg,assets/products/ank/generated/ANC-4038/ANC-4038-main.jpg,NEW / 미니 원피스 컬렉션 / MINI / 미니 / 데일리 / 러블리 / 플레어 / 원피스 버튼 플레어 체크 러블리데일리 / 원피스 버튼 플레어 체크 러블리데일리,NEW / 미니 원피스 컬렉션 / MINI / 미니 / 데일리 / 러블리 / 플레어 / 원피스 버튼 플레어 체크 러블리데일리 / A라인 / 슬림핏 / 여성스러운핏 / 페미닌 / 라인감 / 미니원피스,수정,5컷 구성/태그 검수 필요,쇼룸용 5컷 생성 필요; 슬림핏 과잉 적용 여부 재검수,예,38,검수필요,적용후보,재검수,5컷 미만. 쇼룸용 5컷 생성 후보
ANC-4039,배색플레어 원피스,assets/ANC-4039_01.jpg,assets/products/ank/generated/ANC-4039/ANC-4039-main.jpg,NEW / 미니 원피스 컬렉션 / MINI / 미니 / 데일리 / 러블리 / 플레어 / 원피스 플레어 배색 러블리데일리 / 원피스 플레어 배색 러블리데일리,NEW / 미니 원피스 컬렉션 / MINI / 미니 / 데일리 / 러블리 / 플레어 / 원피스 플레어 배색 러블리데일리 / A라인 / 슬림핏 / 여성스러운핏 / 페미닌 / 라인감 / 배색 / 미니원피스,수정,5컷 구성/태그 검수 필요,쇼룸용 5컷 생성 필요; 슬림핏 과잉 적용 여부 재검수,예,39,검수필요,적용후보,재검수,5컷 미만. 쇼룸용 5컷 생성 후보
ANC-4040,오프숄더 드레이프 원피스,assets/ANC-4040_01.jpg,assets/products/ank/generated/ANC-4040/ANC-4040-main.jpg,NEW / 미니 원피스 컬렉션 / MINI / 미니 / 섹시 / 슬림 / 클럽 / 원피스 오프숄더 드레이프 슬림글램 / 원피스 오프숄더 드레이프 슬림글램,NEW / 미니 원피스 컬렉션 / MINI / 미니 / 섹시 / 슬림 / 클럽 / 원피스 오프숄더 드레이프 슬림글램 / A라인 / 슬림핏 / 여성스러운핏 / 페미닌 / 라인감 / 미니원피스,수정,5컷 구성/태그 검수 필요,쇼룸용 5컷 생성 필요; A라인 과잉 적용 여부 재검수,예,40,검수필요,재검수,적용후보,5컷 미만. 쇼룸용 5컷 생성 후보
ANC-4041,레이스블라우스 셔링 원피스,assets/ANC-4041_01.jpg,assets/products/ank/generated/ANC-4041/ANC-4041-main.jpg,NEW / 미니 원피스 컬렉션 / MINI / 미니 / 데일리 / 러블리 / 플레어 / 원피스 레이스 셔링 러블리데일리 / 원피스 레이스 셔링 러블리데일리,NEW / 미니 원피스 컬렉션 / MINI / 미니 / 데일리 / 러블리 / 플레어 / 원피스 레이스 셔링 러블리데일리 / A라인 / 슬림핏 / 여성스러운핏 / 페미닌 / 라인감 / 셔링 / 미니원피스,승인,사용자 검수 반영: 슬림핏 확정,슬림핏 적용후보 승인,아니오,41,검수필요,적용후보,승인,5컷 미만. 쇼룸용 5컷 생성 후보 / 사용자 지정 코드 슬림핏 확정
ANC-4042,셔츠카라 플레어 원피스,assets/ANC-4042_01.jpg,assets/products/ank/generated/ANC-4042/ANC-4042-main.jpg,NEW / 미니 원피스 컬렉션 / MINI / 미니 / 데일리 / 러블리 / 플레어 / 원피스 카라 셔츠카라 플레어 러블리데일리 / 원피스 카라 셔츠카라 플레어 러블리데일리,NEW / 미니 원피스 컬렉션 / MINI / 미니 / 데일리 / 러블리 / 플레어 / 원피스 카라 셔츠카라 플레어 러블리데일리 / A라인 / 슬림핏 / 여성스러운핏 / 페미닌 / 라인감 / 미니원피스,수정,5컷 구성/태그 검수 필요,쇼룸용 5컷 생성 필요; 슬림핏 과잉 적용 여부 재검수,예,42,검수필요,적용후보,재검수,5컷 미만. 쇼룸용 5컷 생성 후보
ANC-4043,레이스브이넥 셔링 원피스,assets/ANC-4043_01.jpg,assets/products/ank/generated/ANC-4043/ANC-4043-main.jpg,NEW / 미니 원피스 컬렉션 / MINI / 미니 / 데일리 / 러블리 / 플레어 / 원피스 브이넥 레이스 셔링 러블리데일리 / 원피스 브이넥 레이스 셔링 러블리데일리,NEW / 미니 원피스 컬렉션 / MINI / 미니 / 데일리 / 러블리 / 플레어 / 원피스 브이넥 레이스 셔링 러블리데일리 / A라인 / 슬림핏 / 여성스러운핏 / 페미닌 / 라인감 / 셔링 / 미니원피스,승인,사용자 검수 반영: 슬림핏 확정,슬림핏 적용후보 승인,아니오,43,검수필요,적용후보,승인,5컷 미만. 쇼룸용 5컷 생성 후보 / 사용자 지정 코드 슬림핏 확정
ANC-4044,레이스라인 플레어 원피스,assets/ANC-4044_01.jpg,assets/products/ank/generated/ANC-4044/ANC-4044-main.jpg,NEW / 미니 원피스 컬렉션 / MINI / 미니 / 데일리 / 러블리 / 플레어 / 원피스 레이스 플레어 러블리데일리 / 원피스 레이스 플레어 러블리데일리,NEW / 미니 원피스 컬렉션 / MINI / 미니 / 데일리 / 러블리 / 플레어 / 원피스 레이스 플레어 러블리데일리 / A라인 / 슬림핏 / 여성스러운핏 / 페미닌 / 라인감 / 미니원피스,수정,5컷 구성/태그 검수 필요,쇼룸용 5컷 생성 필요; 슬림핏 과잉 적용 여부 재검수,예,44,검수필요,적용후보,재검수,5컷 미만. 쇼룸용 5컷 생성 후보
ANC-4045,카울넥 드레이프 원피스,assets/ANC-4045_01.jpg,assets/products/ank/generated/ANC-4045/ANC-4045-main.jpg,NEW / 미니 원피스 컬렉션 / MINI / 미니 / 섹시 / 슬림 / 클럽 / 원피스 드레이프 카울넥 슬림글램 / 원피스 드레이프 카울넥 슬림글램,NEW / 미니 원피스 컬렉션 / MINI / 미니 / 섹시 / 슬림 / 클럽 / 원피스 드레이프 카울넥 슬림글램 / A라인 / 슬림핏 / 여성스러운핏 / 페미닌 / 라인감 / 미니원피스,수정,5컷 구성/태그 검수 필요,쇼룸용 5컷 생성 필요; A라인 과잉 적용 여부 재검수,예,45,검수필요,재검수,적용후보,5컷 미만. 쇼룸용 5컷 생성 후보
ANC-4046,레이스백 셔링 원피스,assets/ANC-4046_01.jpg,assets/products/ank/generated/ANC-4046/ANC-4046-main.jpg,NEW / 미니 원피스 컬렉션 / MINI / 미니 / 데일리 / 러블리 / 플레어 / 원피스 레이스 셔링 러블리데일리 / 원피스 레이스 셔링 러블리데일리,NEW / 미니 원피스 컬렉션 / MINI / 미니 / 데일리 / 러블리 / 플레어 / 원피스 레이스 셔링 러블리데일리 / A라인 / 슬림핏 / 여성스러운핏 / 페미닌 / 라인감 / 셔링 / 미니원피스 / 언발런스,승인,사용자 검수 반영: 슬림핏 확정,슬림핏 적용후보 승인,아니오,46,검수필요,적용후보,승인,5컷 미만. 쇼룸용 5컷 생성 후보 / 사용자 지정 코드 슬림핏 확정
ANC-4047,셔링리본 플레어 원피스,assets/ANC-4047_01.jpg,assets/products/ank/generated/ANC-4047/ANC-4047-main.jpg,NEW / 미니 원피스 컬렉션 / MINI / 미니 / 데일리 / 러블리 / 플레어 / 원피스 리본 셔링 플레어 러블리데일리 / 원피스 리본 셔링 플레어 러블리데일리,NEW / 미니 원피스 컬렉션 / MINI / 미니 / 데일리 / 러블리 / 플레어 / 원피스 리본 셔링 플레어 러블리데일리 / A라인 / 슬림핏 / 여성스러운핏 / 페미닌 / 라인감 / 셔링 / 미니원피스,승인,사용자 검수 반영: 슬림핏 확정,슬림핏 적용후보 승인,아니오,47,검수필요,적용후보,승인,5컷 미만. 쇼룸용 5컷 생성 후보 / 사용자 지정 코드 슬림핏 확정
ANC-4048,배색카라 트임 원피스,assets/ANC-4048_01.jpg,assets/products/ank/generated/ANC-4048/ANC-4048-main.jpg,NEW / 미니 원피스 컬렉션 / MINI / 미니 / 섹시 / 슬림 / 클럽 / 원피스 카라 트임 배색 슬림글램 / 원피스 카라 트임 배색 슬림글램,NEW / 미니 원피스 컬렉션 / MINI / 미니 / 섹시 / 슬림 / 클럽 / 원피스 카라 트임 배색 슬림글램 / A라인 / 슬림핏 / 여성스러운핏 / 페미닌 / 라인감 / 배색 / 미니원피스,수정,5컷 구성/태그 검수 필요,쇼룸용 5컷 생성 필요; A라인 과잉 적용 여부 재검수,예,48,검수필요,재검수,적용후보,5컷 미만. 쇼룸용 5컷 생성 후보
ANC-4049,랩셔링 원피스,assets/ANC-4049_01.jpg,assets/products/ank/generated/ANC-4049/ANC-4049-main.jpg,NEW / 미니 원피스 컬렉션 / MINI / 미니 / 섹시 / 슬림 / 클럽 / 원피스 셔링 랩 슬림글램 / 원피스 셔링 랩 슬림글램,NEW / 미니 원피스 컬렉션 / MINI / 미니 / 섹시 / 슬림 / 클럽 / 원피스 셔링 랩 슬림글램 / A라인 / 슬림핏 / 여성스러운핏 / 페미닌 / 라인감 / 셔링 / 미니원피스,수정,5컷 구성/태그 검수 필요,쇼룸용 5컷 생성 필요; A라인 과잉 적용 여부 재검수,예,49,검수필요,재검수,적용후보,5컷 미만. 쇼룸용 5컷 생성 후보
ANC-4050,레이스헴 플레어 원피스,assets/ANC-4050_01.jpg,assets/products/ank/generated/ANC-4050/ANC-4050-main.jpg,NEW / 미니 원피스 컬렉션 / MINI / 미니 / 데일리 / 러블리 / 플레어 / 원피스 레이스 플레어 러블리데일리 / 원피스 레이스 플레어 러블리데일리,NEW / 미니 원피스 컬렉션 / MINI / 미니 / 데일리 / 러블리 / 플레어 / 원피스 레이스 플레어 러블리데일리 / A라인 / 슬림핏 / 여성스러운핏 / 페미닌 / 라인감 / 미니원피스,수정,5컷 구성/태그 검수 필요,쇼룸용 5컷 생성 필요; 슬림핏 과잉 적용 여부 재검수,예,50,검수필요,적용후보,재검수,5컷 미만. 쇼룸용 5컷 생성 후보
ANC-4051,스퀘어넥 셔링 원피스,assets/ANC-4051_01.jpg,assets/products/ank/generated/ANC-4051/ANC-4051-main.jpg,NEW / 미니 원피스 컬렉션 / MINI / 미니 / 섹시 / 슬림 / 클럽 / 원피스 스퀘어넥 셔링 슬림글램 / 원피스 스퀘어넥 셔링 슬림글램,NEW / 미니 원피스 컬렉션 / MINI / 미니 / 섹시 / 슬림 / 클럽 / 원피스 스퀘어넥 셔링 슬림글램 / A라인 / 슬림핏 / 여성스러운핏 / 페미닌 / 라인감 / 셔링 / 미니원피스,수정,5컷 구성/태그 검수 필요,쇼룸용 5컷 생성 필요; A라인 과잉 적용 여부 재검수,예,51,검수필요,재검수,적용후보,5컷 미만. 쇼룸용 5컷 생성 후보
ANC-4052,레이스플레어 원피스,assets/ANC-4052_01.jpg,assets/products/ank/generated/ANC-4052/ANC-4052-main.jpg,NEW / 미니 원피스 컬렉션 / MINI / 미니 / 데일리 / 러블리 / 플레어 / 원피스 레이스 플레어 러블리데일리 / 원피스 레이스 플레어 러블리데일리,NEW / 미니 원피스 컬렉션 / MINI / 미니 / 데일리 / 러블리 / 플레어 / 원피스 레이스 플레어 러블리데일리 / A라인 / 슬림핏 / 여성스러운핏 / 페미닌 / 라인감 / 미니원피스,수정,5컷 구성/태그 검수 필요,쇼룸용 5컷 생성 필요; 슬림핏 과잉 적용 여부 재검수,예,52,검수필요,적용후보,재검수,5컷 미만. 쇼룸용 5컷 생성 후보
ANC-4053,러플숄더 원피스,assets/ANC-4053_01.jpg,assets/products/ank/generated/ANC-4053/ANC-4053-main.jpg,NEW / 미니 원피스 컬렉션 / MINI / 미니 / 데일리 / 러블리 / 플레어 / 원피스 러플 러블리데일리 / 원피스 러플 러블리데일리,NEW / 미니 원피스 컬렉션 / MINI / 미니 / 데일리 / 러블리 / 플레어 / 원피스 러플 러블리데일리 / A라인 / 슬림핏 / 여성스러운핏 / 페미닌 / 라인감 / 미니원피스,수정,5컷 구성/태그 검수 필요,쇼룸용 5컷 생성 필요; 슬림핏 과잉 적용 여부 재검수,예,53,검수필요,적용후보,재검수,5컷 미만. 쇼룸용 5컷 생성 후보
ANC-4054,더블버튼 플레어 원피스,assets/ANC-4054_01.jpg,assets/products/ank/generated/ANC-4054/ANC-4054-main.jpg,NEW / 미니 원피스 컬렉션 / MINI / 미니 / 데일리 / 러블리 / 플레어 / 원피스 더블버튼 버튼 플레어 러블리데일리 / 원피스 더블버튼 버튼 플레어 러블리데일리,NEW / 미니 원피스 컬렉션 / MINI / 미니 / 데일리 / 러블리 / 플레어 / 원피스 더블버튼 버튼 플레어 러블리데일리 / A라인 / 슬림핏 / 여성스러운핏 / 페미닌 / 라인감 / 미니원피스,수정,5컷 구성/태그 검수 필요,쇼룸용 5컷 생성 필요; 슬림핏 과잉 적용 여부 재검수,예,54,검수필요,적용후보,재검수,5컷 미만. 쇼룸용 5컷 생성 후보
ANC-4055,오프숄더 셔링 원피스,assets/ANC-4055_01.jpg,assets/products/ank/generated/ANC-4055/ANC-4055-main.jpg,NEW / 미니 원피스 컬렉션 / MINI / 미니 / 섹시 / 슬림 / 클럽 / 원피스 오프숄더 셔링 슬림글램 / 원피스 오프숄더 셔링 슬림글램,NEW / 미니 원피스 컬렉션 / MINI / 미니 / 섹시 / 슬림 / 클럽 / 원피스 오프숄더 셔링 슬림글램 / A라인 / 슬림핏 / 여성스러운핏 / 페미닌 / 라인감 / 셔링 / 미니원피스,수정,5컷 구성/태그 검수 필요,쇼룸용 5컷 생성 필요; A라인 과잉 적용 여부 재검수,예,55,검수필요,재검수,적용후보,5컷 미만. 쇼룸용 5컷 생성 후보
ANC-4056,빅리본 플레어 원피스,assets/ANC-4056_01.jpg,assets/products/ank/generated/ANC-4056/ANC-4056-main.jpg,NEW / 미니 원피스 컬렉션 / MINI / 미니 / 데일리 / 러블리 / 플레어 / 원피스 리본 빅리본 플레어 러블리데일리 / 원피스 리본 빅리본 플레어 러블리데일리,NEW / 미니 원피스 컬렉션 / MINI / 미니 / 데일리 / 러블리 / 플레어 / 원피스 리본 빅리본 플레어 러블리데일리 / A라인 / 슬림핏 / 여성스러운핏 / 페미닌 / 라인감 / 미니원피스,수정,5컷 구성/태그 검수 필요,쇼룸용 5컷 생성 필요; 슬림핏 과잉 적용 여부 재검수,예,56,검수필요,적용후보,재검수,5컷 미만. 쇼룸용 5컷 생성 후보
ANC-4057,잔셔링 원피스,assets/ANC-4057_01.jpg,assets/products/ank/generated/ANC-4057/ANC-4057-main.jpg,NEW / 미니 원피스 컬렉션 / MINI / 미니 / 섹시 / 슬림 / 클럽 / 원피스 셔링 슬림글램 / 원피스 셔링 슬림글램,NEW / 미니 원피스 컬렉션 / MINI / 미니 / 섹시 / 슬림 / 클럽 / 원피스 셔링 슬림글램 / A라인 / 슬림핏 / 여성스러운핏 / 페미닌 / 라인감 / 셔링 / 미니원피스,수정,5컷 구성/태그 검수 필요,쇼룸용 5컷 생성 필요; A라인 과잉 적용 여부 재검수,예,57,검수필요,재검수,적용후보,5컷 미만. 쇼룸용 5컷 생성 후보
ANC-4058,더블버튼 플레어 원피스,assets/ANC-4058_01.jpg,assets/products/ank/generated/ANC-4058/ANC-4058-main.jpg,NEW / 미니 원피스 컬렉션 / MINI / 미니 / 데일리 / 러블리 / 플레어 / 원피스 더블버튼 버튼 플레어 러블리데일리 / 원피스 더블버튼 버튼 플레어 러블리데일리,NEW / 미니 원피스 컬렉션 / MINI / 미니 / 데일리 / 러블리 / 플레어 / 원피스 더블버튼 버튼 플레어 러블리데일리 / A라인 / 슬림핏 / 여성스러운핏 / 페미닌 / 라인감 / 미니원피스,수정,5컷 구성/태그 검수 필요,쇼룸용 5컷 생성 필요; 슬림핏 과잉 적용 여부 재검수,예,58,검수필요,적용후보,재검수,5컷 미만. 쇼룸용 5컷 생성 후보
ANC-4059,오프숄더 셔링 원피스,assets/ANC-4059_01.jpg,assets/products/ank/generated/ANC-4059/ANC-4059-main.jpg,NEW / 미니 원피스 컬렉션 / MINI / 미니 / 섹시 / 슬림 / 클럽 / 원피스 오프숄더 셔링 슬림글램 / 원피스 오프숄더 셔링 슬림글램,NEW / 미니 원피스 컬렉션 / MINI / 미니 / 섹시 / 슬림 / 클럽 / 원피스 오프숄더 셔링 슬림글램 / A라인 / 슬림핏 / 여성스러운핏 / 페미닌 / 라인감 / 셔링 / 미니원피스,수정,5컷 구성/태그 검수 필요,쇼룸용 5컷 생성 필요; A라인 과잉 적용 여부 재검수,예,59,검수필요,재검수,적용후보,5컷 미만. 쇼룸용 5컷 생성 후보
ANC-4060,레이스숄더 플레어 원피스,assets/ANC-4060_01.jpg,assets/products/ank/generated/ANC-4060/ANC-4060-main.jpg,NEW / 미니 원피스 컬렉션 / MINI / 미니 / 데일리 / 러블리 / 플레어 / 원피스 레이스 플레어 러블리데일리 / 원피스 레이스 플레어 러블리데일리,NEW / 미니 원피스 컬렉션 / MINI / 미니 / 데일리 / 러블리 / 플레어 / 원피스 레이스 플레어 러블리데일리 / A라인 / 슬림핏 / 여성스러운핏 / 페미닌 / 라인감 / 미니원피스,수정,5컷 구성/태그 검수 필요,쇼룸용 5컷 생성 필요; 슬림핏 과잉 적용 여부 재검수,예,60,검수필요,적용후보,재검수,5컷 미만. 쇼룸용 5컷 생성 후보
ANC-4061,스트라이프 셔링 원피스,assets/ANC-4061_01.jpg,assets/products/ank/generated/ANC-4061/ANC-4061-main.jpg,NEW / 미니 원피스 컬렉션 / MINI / 미니 / 섹시 / 슬림 / 클럽 / 원피스 셔링 스트라이프 슬림글램 / 원피스 셔링 스트라이프 슬림글램,NEW / 미니 원피스 컬렉션 / MINI / 미니 / 섹시 / 슬림 / 클럽 / 원피스 셔링 스트라이프 슬림글램 / A라인 / 슬림핏 / 여성스러운핏 / 페미닌 / 라인감 / 셔링 / 미니원피스,수정,5컷 구성/태그 검수 필요,쇼룸용 5컷 생성 필요; A라인 과잉 적용 여부 재검수,예,61,검수필요,재검수,적용후보,5컷 미만. 쇼룸용 5컷 생성 후보
ANC-4062,레이스브이넥 플레어 원피스,assets/ANC-4062_01.jpg,assets/products/ank/generated/ANC-4062/ANC-4062-main.jpg,NEW / 미니 원피스 컬렉션 / MINI / 미니 / 데일리 / 러블리 / 플레어 / 원피스 브이넥 레이스 플레어 러블리데일리 / 원피스 브이넥 레이스 플레어 러블리데일리,NEW / 미니 원피스 컬렉션 / MINI / 미니 / 데일리 / 러블리 / 플레어 / 원피스 브이넥 레이스 플레어 러블리데일리 / A라인 / 슬림핏 / 여성스러운핏 / 페미닌 / 라인감 / 미니원피스,수정,5컷 구성/태그 검수 필요,쇼룸용 5컷 생성 필요; 슬림핏 과잉 적용 여부 재검수,예,62,검수필요,적용후보,재검수,5컷 미만. 쇼룸용 5컷 생성 후보
ANC-4063,셔링카라 원피스,assets/ANC-4063_01.jpg,assets/products/ank/generated/ANC-4063/ANC-4063-main.jpg,NEW / 미니 원피스 컬렉션 / MINI / 미니 / 섹시 / 슬림 / 클럽 / 원피스 카라 셔링 슬림글램 / 원피스 카라 셔링 슬림글램,NEW / 미니 원피스 컬렉션 / MINI / 미니 / 섹시 / 슬림 / 클럽 / 원피스 카라 셔링 슬림글램 / A라인 / 슬림핏 / 여성스러운핏 / 페미닌 / 라인감 / 셔링 / 미니원피스,수정,5컷 구성/태그 검수 필요,쇼룸용 5컷 생성 필요; A라인 과잉 적용 여부 재검수,예,63,검수필요,재검수,적용후보,5컷 미만. 쇼룸용 5컷 생성 후보
ANC-4064,하트버튼 플레어 원피스,assets/ANC-4064_01.jpg,assets/products/ank/generated/ANC-4064/ANC-4064-main.jpg,NEW / 미니 원피스 컬렉션 / MINI / 미니 / 데일리 / 러블리 / 플레어 / 원피스 버튼 플레어 하트버튼 러블리데일리 / 원피스 버튼 플레어 하트버튼 러블리데일리,NEW / 미니 원피스 컬렉션 / MINI / 미니 / 데일리 / 러블리 / 플레어 / 원피스 버튼 플레어 하트버튼 러블리데일리 / A라인 / 슬림핏 / 여성스러운핏 / 페미닌 / 라인감 / 미니원피스,수정,5컷 구성/태그 검수 필요,쇼룸용 5컷 생성 필요; 슬림핏 과잉 적용 여부 재검수,예,64,검수필요,적용후보,재검수,5컷 미만. 쇼룸용 5컷 생성 후보
ANC-4065,레이스백 러플 원피스,assets/ANC-4065_01.jpg,assets/products/ank/generated/ANC-4065/ANC-4065-main.jpg,NEW / 미니 원피스 컬렉션 / MINI / 미니 / 데일리 / 러블리 / 플레어 / 원피스 레이스 러플 러블리데일리 / 원피스 레이스 러플 러블리데일리,NEW / 미니 원피스 컬렉션 / MINI / 미니 / 데일리 / 러블리 / 플레어 / 원피스 레이스 러플 러블리데일리 / A라인 / 슬림핏 / 여성스러운핏 / 페미닌 / 라인감 / 미니원피스,수정,5컷 구성/태그 검수 필요,쇼룸용 5컷 생성 필요; 슬림핏 과잉 적용 여부 재검수,예,65,검수필요,적용후보,재검수,5컷 미만. 쇼룸용 5컷 생성 후보
ANC-4066,배색라인 플레어 원피스,assets/ANC-4066_01.jpg,assets/products/ank/generated/ANC-4066/ANC-4066-main.jpg,NEW / 미니 원피스 컬렉션 / MINI / 미니 / 데일리 / 러블리 / 플레어 / 원피스 플레어 배색 러블리데일리 / 원피스 플레어 배색 러블리데일리,NEW / 미니 원피스 컬렉션 / MINI / 미니 / 데일리 / 러블리 / 플레어 / 원피스 플레어 배색 러블리데일리 / A라인 / 슬림핏 / 여성스러운핏 / 페미닌 / 라인감 / 배색 / 미니원피스,수정,5컷 구성/태그 검수 필요,쇼룸용 5컷 생성 필요; 슬림핏 과잉 적용 여부 재검수,예,66,검수필요,적용후보,재검수,5컷 미만. 쇼룸용 5컷 생성 후보
ANC-4067,빅리본 셔링 원피스,assets/ANC-4067_01.jpg,assets/products/ank/generated/ANC-4067/ANC-4067-main.jpg,NEW / 미니 원피스 컬렉션 / MINI / 미니 / 데일리 / 러블리 / 플레어 / 원피스 리본 빅리본 셔링 러블리데일리 / 원피스 리본 빅리본 셔링 러블리데일리,NEW / 미니 원피스 컬렉션 / MINI / 미니 / 데일리 / 러블리 / 플레어 / 원피스 리본 빅리본 셔링 러블리데일리 / A라인 / 슬림핏 / 여성스러운핏 / 페미닌 / 라인감 / 셔링 / 미니원피스,수정,5컷 구성/태그 검수 필요,쇼룸용 5컷 생성 필요,예,67,검수필요,적용후보,적용후보,5컷 미만. 쇼룸용 5컷 생성 후보
ANC-4068,리본셔링 플레어 원피스,assets/ANC-4068_01.jpg,assets/products/ank/generated/ANC-4068/ANC-4068-main.jpg,NEW / 미니 원피스 컬렉션 / MINI / 미니 / 데일리 / 러블리 / 플레어 / 원피스 리본 셔링 플레어 러블리데일리 / 원피스 리본 셔링 플레어 러블리데일리,NEW / 미니 원피스 컬렉션 / MINI / 미니 / 데일리 / 러블리 / 플레어 / 원피스 리본 셔링 플레어 러블리데일리 / A라인 / 슬림핏 / 여성스러운핏 / 페미닌 / 라인감 / 셔링 / 미니원피스,수정,5컷 구성/태그 검수 필요,쇼룸용 5컷 생성 필요,예,68,검수필요,적용후보,적용후보,5컷 미만. 쇼룸용 5컷 생성 후보
ANC-4069,랩셔링 스커트 원피스,assets/ANC-4069_01.jpg,assets/products/ank/generated/ANC-4069/ANC-4069-main.jpg,NEW / 미니 원피스 컬렉션 / MINI / 미니 / 섹시 / 슬림 / 클럽 / 원피스 셔링 랩 슬림글램포인트 / 원피스 셔링 랩 슬림글램포인트,NEW / 미니 원피스 컬렉션 / MINI / 미니 / 섹시 / 슬림 / 클럽 / 원피스 셔링 랩 슬림글램포인트 / A라인 / 슬림핏 / 여성스러운핏 / 페미닌 / 라인감 / 셔링 / 미니원피스,수정,5컷 구성/태그 검수 필요,쇼룸용 5컷 생성 필요; A라인 과잉 적용 여부 재검수,예,69,검수필요,재검수,적용후보,5컷 미만. 쇼룸용 5컷 생성 후보
ANC-4070,도트플레어 원피스,assets/ANC-4070_01.jpg,assets/products/ank/generated/ANC-4070/ANC-4070-main.jpg,NEW / 미니 원피스 컬렉션 / MINI / 미니 / 데일리 / 러블리 / 플레어 / 원피스 플레어 도트 러블리데일리 / 원피스 플레어 도트 러블리데일리,NEW / 미니 원피스 컬렉션 / MINI / 미니 / 데일리 / 러블리 / 플레어 / 원피스 플레어 도트 러블리데일리 / A라인 / 슬림핏 / 여성스러운핏 / 페미닌 / 라인감 / 미니원피스,수정,5컷 구성/태그 검수 필요,쇼룸용 5컷 생성 필요; 슬림핏 과잉 적용 여부 재검수,예,70,검수필요,적용후보,재검수,5컷 미만. 쇼룸용 5컷 생성 후보
ANC-4071,셔츠카라 랩스커트 원피스,assets/ANC-4071_01.jpg,assets/products/ank/generated/ANC-4071/ANC-4071-main.jpg,NEW / 미니 원피스 컬렉션 / MINI / 미니 / 섹시 / 슬림 / 클럽 / 원피스 카라 셔츠카라 랩 슬림글램포인트 / 원피스 카라 셔츠카라 랩 슬림글램포인트,NEW / 미니 원피스 컬렉션 / MINI / 미니 / 섹시 / 슬림 / 클럽 / 원피스 카라 셔츠카라 랩 슬림글램포인트 / A라인 / 슬림핏 / 여성스러운핏 / 페미닌 / 라인감 / 미니원피스,수정,5컷 구성/태그 검수 필요,쇼룸용 5컷 생성 필요; A라인 과잉 적용 여부 재검수,예,71,검수필요,재검수,적용후보,5컷 미만. 쇼룸용 5컷 생성 후보
ANC-4072,플라워레이스 플레어 원피스,assets/ANC-4072_01.jpg,assets/products/ank/generated/ANC-4072/ANC-4072-main.jpg,NEW / 미니 원피스 컬렉션 / MINI / 미니 / 데일리 / 러블리 / 플레어 / 원피스 레이스 플레어 러블리데일리 / 원피스 레이스 플레어 러블리데일리,NEW / 미니 원피스 컬렉션 / MINI / 미니 / 데일리 / 러블리 / 플레어 / 원피스 레이스 플레어 러블리데일리 / A라인 / 슬림핏 / 여성스러운핏 / 페미닌 / 라인감 / 미니원피스,수정,5컷 구성/태그 검수 필요,쇼룸용 5컷 생성 필요; 슬림핏 과잉 적용 여부 재검수,예,72,검수필요,적용후보,재검수,5컷 미만. 쇼룸용 5컷 생성 후보
ANC-4073,드레이프셔링 원피스,assets/ANC-4073_01.jpg,assets/products/ank/generated/ANC-4073/ANC-4073-main.jpg,NEW / 미니 원피스 컬렉션 / MINI / 미니 / 섹시 / 슬림 / 클럽 / 원피스 셔링 드레이프 슬림글램 / 원피스 셔링 드레이프 슬림글램,NEW / 미니 원피스 컬렉션 / MINI / 미니 / 섹시 / 슬림 / 클럽 / 원피스 셔링 드레이프 슬림글램 / A라인 / 슬림핏 / 여성스러운핏 / 페미닌 / 라인감 / 셔링 / 미니원피스,수정,5컷 구성/태그 검수 필요,쇼룸용 5컷 생성 필요; A라인 과잉 적용 여부 재검수,예,73,검수필요,재검수,적용후보,5컷 미만. 쇼룸용 5컷 생성 후보
ANC-4074,레이스칼라 플레어 원피스,assets/ANC-4074_01.jpg,assets/products/ank/generated/ANC-4074/ANC-4074-main.jpg,NEW / 미니 원피스 컬렉션 / MINI / 미니 / 데일리 / 러블리 / 플레어 / 원피스 레이스 플레어 러블리데일리 / 원피스 레이스 플레어 러블리데일리,NEW / 미니 원피스 컬렉션 / MINI / 미니 / 데일리 / 러블리 / 플레어 / 원피스 레이스 플레어 러블리데일리 / A라인 / 슬림핏 / 여성스러운핏 / 페미닌 / 라인감 / 미니원피스,수정,5컷 구성/태그 검수 필요,쇼룸용 5컷 생성 필요; 슬림핏 과잉 적용 여부 재검수,예,74,검수필요,적용후보,재검수,5컷 미만. 쇼룸용 5컷 생성 후보
ANC-4075,오프숄더 버튼 플레어 원피스,assets/ANC-4075_01.jpg,assets/products/ank/generated/ANC-4075/ANC-4075-main.jpg,NEW / 미니 원피스 컬렉션 / MINI / 미니 / 데일리 / 러블리 / 플레어 / 원피스 오프숄더 버튼 플레어 러블리데일리 / 원피스 오프숄더 버튼 플레어 러블리데일리,NEW / 미니 원피스 컬렉션 / MINI / 미니 / 데일리 / 러블리 / 플레어 / 원피스 오프숄더 버튼 플레어 러블리데일리 / A라인 / 슬림핏 / 여성스러운핏 / 페미닌 / 라인감 / 미니원피스,수정,5컷 구성/태그 검수 필요,쇼룸용 5컷 생성 필요; 슬림핏 과잉 적용 여부 재검수,예,75,검수필요,적용후보,재검수,5컷 미만. 쇼룸용 5컷 생성 후보
ANC-4076,스퀘어넥 플레어 원피스,assets/ANC-4076_01.jpg,assets/products/ank/generated/ANC-4076/ANC-4076-main.jpg,NEW / 미니 원피스 컬렉션 / MINI / 미니 / 데일리 / 러블리 / 플레어 / 원피스 스퀘어넥 플레어 러블리데일리 / 원피스 스퀘어넥 플레어 러블리데일리,NEW / 미니 원피스 컬렉션 / MINI / 미니 / 데일리 / 러블리 / 플레어 / 원피스 스퀘어넥 플레어 러블리데일리 / A라인 / 슬림핏 / 여성스러운핏 / 페미닌 / 라인감 / 미니원피스,수정,5컷 구성/태그 검수 필요,쇼룸용 5컷 생성 필요; 슬림핏 과잉 적용 여부 재검수,예,76,검수필요,적용후보,재검수,5컷 미만. 쇼룸용 5컷 생성 후보
ANC-4077,더블버튼 셔링 원피스,assets/ANC-4077_01.jpg,assets/products/ank/generated/ANC-4077/ANC-4077-main.jpg,NEW / 미니 원피스 컬렉션 / MINI / 미니 / 섹시 / 슬림 / 클럽 / 원피스 더블버튼 버튼 셔링 슬림글램 / 원피스 더블버튼 버튼 셔링 슬림글램,NEW / 미니 원피스 컬렉션 / MINI / 미니 / 섹시 / 슬림 / 클럽 / 원피스 더블버튼 버튼 셔링 슬림글램 / A라인 / 슬림핏 / 여성스러운핏 / 페미닌 / 라인감 / 셔링 / 미니원피스,수정,5컷 구성/태그 검수 필요,쇼룸용 5컷 생성 필요; A라인 과잉 적용 여부 재검수,예,77,검수필요,재검수,적용후보,5컷 미만. 쇼룸용 5컷 생성 후보
ANC-4078,배색라인 플레어 원피스,assets/ANC-4078_01.jpg,assets/products/ank/generated/ANC-4078/ANC-4078-main.jpg,NEW / 미니 원피스 컬렉션 / MINI / 미니 / 데일리 / 러블리 / 플레어 / 원피스 플레어 배색 러블리데일리 / 원피스 플레어 배색 러블리데일리,NEW / 미니 원피스 컬렉션 / MINI / 미니 / 데일리 / 러블리 / 플레어 / 원피스 플레어 배색 러블리데일리 / A라인 / 슬림핏 / 여성스러운핏 / 페미닌 / 라인감 / 배색 / 미니원피스,수정,5컷 구성/태그 검수 필요,쇼룸용 5컷 생성 필요; 슬림핏 과잉 적용 여부 재검수,예,78,검수필요,적용후보,재검수,5컷 미만. 쇼룸용 5컷 생성 후보
ANC-4079,버튼셔링 원피스,assets/ANC-4079_01.jpg,assets/products/ank/generated/ANC-4079/ANC-4079-main.jpg,NEW / 미니 원피스 컬렉션 / MINI / 미니 / 섹시 / 슬림 / 클럽 / 원피스 버튼 셔링 슬림글램 / 원피스 버튼 셔링 슬림글램,NEW / 미니 원피스 컬렉션 / MINI / 미니 / 섹시 / 슬림 / 클럽 / 원피스 버튼 셔링 슬림글램 / A라인 / 슬림핏 / 여성스러운핏 / 페미닌 / 라인감 / 셔링 / 미니원피스,수정,5컷 구성/태그 검수 필요,쇼룸용 5컷 생성 필요; A라인 과잉 적용 여부 재검수,예,79,검수필요,재검수,적용후보,5컷 미만. 쇼룸용 5컷 생성 후보
ANC-4080,레이스블라우스 셔링 원피스,assets/ANC-4080_01.jpg,assets/products/ank/generated/ANC-4080/ANC-4080-main.jpg,NEW / 미니 원피스 컬렉션 / MINI / 미니 / 데일리 / 러블리 / 플레어 / 원피스 레이스 셔링 러블리데일리 / 원피스 레이스 셔링 러블리데일리,NEW / 미니 원피스 컬렉션 / MINI / 미니 / 데일리 / 러블리 / 플레어 / 원피스 레이스 셔링 러블리데일리 / A라인 / 슬림핏 / 여성스러운핏 / 페미닌 / 라인감 / 셔링 / 미니원피스,승인,사용자 검수 반영: 슬림핏 확정,슬림핏 적용후보 승인,아니오,80,검수필요,적용후보,승인,5컷 미만. 쇼룸용 5컷 생성 후보 / 사용자 지정 코드 슬림핏 확정
ANC-4081,셔츠버튼 원피스,assets/ANC-4081_01.jpg,assets/products/ank/generated/ANC-4081/ANC-4081-main.jpg,NEW / 미니 원피스 컬렉션 / MINI / 미니 / 데일리 / 러블리 / 플레어 / 원피스 버튼 데일리페미닌 / 원피스 버튼 데일리페미닌,NEW / 미니 원피스 컬렉션 / MINI / 미니 / 데일리 / 러블리 / 플레어 / 원피스 버튼 데일리페미닌 / A라인 / 슬림핏 / 여성스러운핏 / 페미닌 / 라인감 / 미니원피스,수정,5컷 구성/태그 검수 필요,쇼룸용 5컷 생성 필요; 슬림핏 과잉 적용 여부 재검수,예,81,검수필요,적용후보,재검수,5컷 미만. 쇼룸용 5컷 생성 후보
ANC-4082,더블버튼 플레어 원피스,assets/ANC-4082_01.jpg,assets/products/ank/generated/ANC-4082/ANC-4082-main.jpg,NEW / 미니 원피스 컬렉션 / MINI / 미니 / 데일리 / 러블리 / 플레어 / 원피스 더블버튼 버튼 플레어 러블리데일리 / 원피스 더블버튼 버튼 플레어 러블리데일리,NEW / 미니 원피스 컬렉션 / MINI / 미니 / 데일리 / 러블리 / 플레어 / 원피스 더블버튼 버튼 플레어 러블리데일리 / A라인 / 슬림핏 / 여성스러운핏 / 페미닌 / 라인감 / 미니원피스,수정,5컷 구성/태그 검수 필요,쇼룸용 5컷 생성 필요; 슬림핏 과잉 적용 여부 재검수,예,82,검수필요,적용후보,재검수,5컷 미만. 쇼룸용 5컷 생성 후보
ANC-4083,랩러플 셔링 원피스,assets/ANC-4083_01.jpg,assets/products/ank/generated/ANC-4083/ANC-4083-main.jpg,NEW / 미니 원피스 컬렉션 / MINI / 미니 / 데일리 / 러블리 / 플레어 / 원피스 러플 셔링 랩 러블리데일리 / 원피스 러플 셔링 랩 러블리데일리,NEW / 미니 원피스 컬렉션 / MINI / 미니 / 데일리 / 러블리 / 플레어 / 원피스 러플 셔링 랩 러블리데일리 / A라인 / 슬림핏 / 여성스러운핏 / 페미닌 / 라인감 / 셔링 / 미니원피스,승인,사용자 검수 반영: 슬림핏 확정,슬림핏 적용후보 승인,아니오,83,검수필요,적용후보,승인,5컷 미만. 쇼룸용 5컷 생성 후보 / 사용자 지정 코드 슬림핏 확정
ANC-4084,벨트포인트 플레어 원피스,assets/ANC-4084_01.jpg,assets/products/ank/generated/ANC-4084/ANC-4084-main.jpg,NEW / 미니 원피스 컬렉션 / MINI / 미니 / 데일리 / 러블리 / 플레어 / 원피스 플레어 벨트포인트 러블리데일리 / 원피스 플레어 벨트포인트 러블리데일리,NEW / 미니 원피스 컬렉션 / MINI / 미니 / 데일리 / 러블리 / 플레어 / 원피스 플레어 벨트포인트 러블리데일리 / A라인 / 슬림핏 / 여성스러운핏 / 페미닌 / 라인감 / 미니원피스,수정,5컷 구성/태그 검수 필요,쇼룸용 5컷 생성 필요; 슬림핏 과잉 적용 여부 재검수,예,84,검수필요,적용후보,재검수,5컷 미만. 쇼룸용 5컷 생성 후보
ANC-4085,레이스블라우스 셔링 원피스,assets/ANC-4085_01.jpg,assets/products/ank/generated/ANC-4085/ANC-4085-main.jpg,NEW / 미니 원피스 컬렉션 / MINI / 미니 / 데일리 / 러블리 / 플레어 / 원피스 레이스 셔링 러블리데일리 / 원피스 레이스 셔링 러블리데일리,NEW / 미니 원피스 컬렉션 / MINI / 미니 / 데일리 / 러블리 / 플레어 / 원피스 레이스 셔링 러블리데일리 / A라인 / 슬림핏 / 여성스러운핏 / 페미닌 / 라인감 / 셔링 / 미니원피스,승인,사용자 검수 반영: 슬림핏 확정,슬림핏 적용후보 승인,아니오,85,검수필요,적용후보,승인,5컷 미만. 쇼룸용 5컷 생성 후보 / 사용자 지정 코드 슬림핏 확정
ANC-4086,빅리본 플레어 원피스,assets/ANC-4086_01.jpg,assets/products/ank/generated/ANC-4086/ANC-4086-main.jpg,NEW / 미니 원피스 컬렉션 / MINI / 미니 / 데일리 / 러블리 / 플레어 / 원피스 리본 빅리본 플레어 러블리데일리 / 원피스 리본 빅리본 플레어 러블리데일리,NEW / 미니 원피스 컬렉션 / MINI / 미니 / 데일리 / 러블리 / 플레어 / 원피스 리본 빅리본 플레어 러블리데일리 / A라인 / 슬림핏 / 여성스러운핏 / 페미닌 / 라인감 / 미니원피스,수정,5컷 구성/태그 검수 필요,쇼룸용 5컷 생성 필요; 슬림핏 과잉 적용 여부 재검수,예,86,검수필요,적용후보,재검수,5컷 미만. 쇼룸용 5컷 생성 후보
ANC-4087,랩카라 셔링 원피스,assets/ANC-4087_01.jpg,assets/products/ank/generated/ANC-4087/ANC-4087-main.jpg,NEW / 미니 원피스 컬렉션 / MINI / 미니 / 섹시 / 슬림 / 클럽 / 원피스 카라 셔링 랩 슬림글램 / 원피스 카라 셔링 랩 슬림글램,NEW / 미니 원피스 컬렉션 / MINI / 미니 / 섹시 / 슬림 / 클럽 / 원피스 카라 셔링 랩 슬림글램 / A라인 / 슬림핏 / 여성스러운핏 / 페미닌 / 라인감 / 셔링 / 미니원피스,수정,5컷 구성/태그 검수 필요,쇼룸용 5컷 생성 필요; A라인 과잉 적용 여부 재검수,예,87,검수필요,재검수,적용후보,5컷 미만. 쇼룸용 5컷 생성 후보
ANC-4088,퍼프소매 버튼 플레어 원피스,assets/ANC-4088_01.jpg,assets/products/ank/generated/ANC-4088/ANC-4088-main.jpg,NEW / 미니 원피스 컬렉션 / MINI / 미니 / 데일리 / 러블리 / 플레어 / 원피스 퍼프소매 버튼 플레어 러블리데일리 / 원피스 퍼프소매 버튼 플레어 러블리데일리,NEW / 미니 원피스 컬렉션 / MINI / 미니 / 데일리 / 러블리 / 플레어 / 원피스 퍼프소매 버튼 플레어 러블리데일리 / A라인 / 슬림핏 / 여성스러운핏 / 페미닌 / 라인감 / 미니원피스,수정,5컷 구성/태그 검수 필요,쇼룸용 5컷 생성 필요; 슬림핏 과잉 적용 여부 재검수,예,88,검수필요,적용후보,재검수,5컷 미만. 쇼룸용 5컷 생성 후보
ANC-4089,레이스블라우스 셔링 원피스,assets/ANC-4089_01.jpg,assets/products/ank/generated/ANC-4089/ANC-4089-main.jpg,NEW / 미니 원피스 컬렉션 / MINI / 미니 / 데일리 / 러블리 / 플레어 / 원피스 레이스 셔링 러블리데일리 / 원피스 레이스 셔링 러블리데일리,NEW / 미니 원피스 컬렉션 / MINI / 미니 / 데일리 / 러블리 / 플레어 / 원피스 레이스 셔링 러블리데일리 / A라인 / 슬림핏 / 여성스러운핏 / 페미닌 / 라인감 / 셔링 / 미니원피스,승인,사용자 검수 반영: 슬림핏 확정,슬림핏 적용후보 승인,아니오,89,검수필요,적용후보,승인,5컷 미만. 쇼룸용 5컷 생성 후보 / 사용자 지정 코드 슬림핏 확정
ANC-4090,리본스트랩 플레어 원피스,assets/ANC-4090_01.jpg,assets/products/ank/generated/ANC-4090/ANC-4090-main.jpg,NEW / 미니 원피스 컬렉션 / MINI / 미니 / 데일리 / 러블리 / 플레어 / 원피스 리본 랩 플레어 러블리데일리 / 원피스 리본 랩 플레어 러블리데일리,NEW / 미니 원피스 컬렉션 / MINI / 미니 / 데일리 / 러블리 / 플레어 / 원피스 리본 랩 플레어 러블리데일리 / A라인 / 슬림핏 / 여성스러운핏 / 페미닌 / 라인감 / 미니원피스,수정,5컷 구성/태그 검수 필요,쇼룸용 5컷 생성 필요; 슬림핏 과잉 적용 여부 재검수,예,90,검수필요,적용후보,재검수,5컷 미만. 쇼룸용 5컷 생성 후보
ANC-4091,베스트버튼 셔링 원피스,assets/ANC-4091_01.jpg,assets/products/ank/generated/ANC-4091/ANC-4091-main.jpg,NEW / 미니 원피스 컬렉션 / MINI / 미니 / 섹시 / 슬림 / 클럽 / 원피스 버튼 셔링 슬림글램 / 원피스 버튼 셔링 슬림글램,NEW / 미니 원피스 컬렉션 / MINI / 미니 / 섹시 / 슬림 / 클럽 / 원피스 버튼 셔링 슬림글램 / A라인 / 슬림핏 / 여성스러운핏 / 페미닌 / 라인감 / 셔링 / 미니원피스,수정,5컷 구성/태그 검수 필요,쇼룸용 5컷 생성 필요; A라인 과잉 적용 여부 재검수,예,91,검수필요,재검수,적용후보,5컷 미만. 쇼룸용 5컷 생성 후보
ANC-4092,스트라이프뷔스티에 플레어 원피스,assets/ANC-4092_01.jpg,assets/products/ank/generated/ANC-4092/ANC-4092-main.jpg,NEW / 미니 원피스 컬렉션 / MINI / 미니 / 데일리 / 러블리 / 플레어 / 원피스 플레어 스트라이프 러블리데일리 / 원피스 플레어 스트라이프 러블리데일리,NEW / 미니 원피스 컬렉션 / MINI / 미니 / 데일리 / 러블리 / 플레어 / 원피스 플레어 스트라이프 러블리데일리 / A라인 / 슬림핏 / 여성스러운핏 / 페미닌 / 라인감 / 미니원피스,수정,5컷 구성/태그 검수 필요,쇼룸용 5컷 생성 필요; 슬림핏 과잉 적용 여부 재검수,예,92,검수필요,적용후보,재검수,5컷 미만. 쇼룸용 5컷 생성 후보
ANC-4093,스퀘어넥 포켓 원피스,assets/ANC-4093_01.jpg,assets/products/ank/generated/ANC-4093/ANC-4093-main.jpg,NEW / 미니 원피스 컬렉션 / MINI / 미니 / 데일리 / 러블리 / 플레어 / 원피스 스퀘어넥 데일리페미닌 / 원피스 스퀘어넥 데일리페미닌,NEW / 미니 원피스 컬렉션 / MINI / 미니 / 데일리 / 러블리 / 플레어 / 원피스 스퀘어넥 데일리페미닌 / A라인 / 슬림핏 / 여성스러운핏 / 페미닌 / 라인감 / 미니원피스,수정,5컷 구성/태그 검수 필요,쇼룸용 5컷 생성 필요; 슬림핏 과잉 적용 여부 재검수,예,93,검수필요,적용후보,재검수,5컷 미만. 쇼룸용 5컷 생성 후보
ANC-4094,버튼 플레어 원피스,assets/ANC-4094_01.jpg,assets/products/ank/generated/ANC-4094/ANC-4094-main.jpg,NEW / 미니 원피스 컬렉션 / MINI / 미니 / 데일리 / 러블리 / 플레어 / 원피스 버튼 플레어 러블리데일리 / 원피스 버튼 플레어 러블리데일리,NEW / 미니 원피스 컬렉션 / MINI / 미니 / 데일리 / 러블리 / 플레어 / 원피스 버튼 플레어 러블리데일리 / A라인 / 슬림핏 / 여성스러운핏 / 페미닌 / 라인감 / 미니원피스,수정,5컷 구성/태그 검수 필요,쇼룸용 5컷 생성 필요; 슬림핏 과잉 적용 여부 재검수,예,94,검수필요,적용후보,재검수,5컷 미만. 쇼룸용 5컷 생성 후보
ANC-4095,잔셔링 원피스,assets/ANC-4095_01.jpg,assets/products/ank/generated/ANC-4095/ANC-4095-main.jpg,NEW / 미니 원피스 컬렉션 / MINI / 미니 / 섹시 / 슬림 / 클럽 / 원피스 셔링 슬림글램 / 원피스 셔링 슬림글램,NEW / 미니 원피스 컬렉션 / MINI / 미니 / 섹시 / 슬림 / 클럽 / 원피스 셔링 슬림글램 / A라인 / 슬림핏 / 여성스러운핏 / 페미닌 / 라인감 / 셔링 / 미니원피스,수정,5컷 구성/태그 검수 필요,쇼룸용 5컷 생성 필요; A라인 과잉 적용 여부 재검수,예,95,검수필요,재검수,적용후보,5컷 미만. 쇼룸용 5컷 생성 후보
ANC-4096,배색카라 플레어 원피스,assets/ANC-4096_01.jpg,assets/products/ank/generated/ANC-4096/ANC-4096-main.jpg,NEW / 미니 원피스 컬렉션 / MINI / 미니 / 데일리 / 러블리 / 플레어 / 원피스 카라 플레어 배색 러블리데일리 / 원피스 카라 플레어 배색 러블리데일리,NEW / 미니 원피스 컬렉션 / MINI / 미니 / 데일리 / 러블리 / 플레어 / 원피스 카라 플레어 배색 러블리데일리 / A라인 / 슬림핏 / 여성스러운핏 / 페미닌 / 라인감 / 배색 / 미니원피스,수정,5컷 구성/태그 검수 필요,쇼룸용 5컷 생성 필요; 슬림핏 과잉 적용 여부 재검수,예,96,검수필요,적용후보,재검수,5컷 미만. 쇼룸용 5컷 생성 후보
ANC-4097,스트라이프 니트 원피스,assets/ANC-4097_01.jpg,assets/products/ank/generated/ANC-4097/ANC-4097-main.jpg,NEW / 미니 원피스 컬렉션 / MINI / 미니 / 데일리 / 러블리 / 플레어 / 원피스 스트라이프 데일리페미닌 / 원피스 스트라이프 데일리페미닌,NEW / 미니 원피스 컬렉션 / MINI / 미니 / 데일리 / 러블리 / 플레어 / 원피스 스트라이프 데일리페미닌 / A라인 / 슬림핏 / 여성스러운핏 / 페미닌 / 라인감 / 미니원피스,수정,5컷 구성/태그 검수 필요,쇼룸용 5컷 생성 필요; 슬림핏 과잉 적용 여부 재검수,예,97,검수필요,적용후보,재검수,5컷 미만. 쇼룸용 5컷 생성 후보
ANC-4098,퍼프소매 플레어 원피스,assets/ANC-4098_01.jpg,assets/products/ank/generated/ANC-4098/ANC-4098-main.jpg,NEW / 미니 원피스 컬렉션 / MINI / 미니 / 데일리 / 러블리 / 플레어 / 원피스 퍼프소매 플레어 러블리데일리 / 원피스 퍼프소매 플레어 러블리데일리,NEW / 미니 원피스 컬렉션 / MINI / 미니 / 데일리 / 러블리 / 플레어 / 원피스 퍼프소매 플레어 러블리데일리 / A라인 / 슬림핏 / 여성스러운핏 / 페미닌 / 라인감 / 미니원피스,수정,5컷 구성/태그 검수 필요,쇼룸용 5컷 생성 필요; 슬림핏 과잉 적용 여부 재검수,예,98,검수필요,적용후보,재검수,5컷 미만. 쇼룸용 5컷 생성 후보
