code,vendorCode,supplier,name,category,color,size,imageCount,mainImage,unknownCutCount,sourceProductCutFirst,folder
GRA-S795,S795,그레이스,7월 신상 원피스,MINI,아이,S / M / L,8,assets/july10/grace/GRA-S795_01.jpg,0,True,7월 10일 신제품  사진/그레이스/S795번(아이_SML)
GRA-S796,S796,그레이스,7월 신상 원피스,MINI,핑크,S / M / L,8,assets/july10/grace/GRA-S796_01.jpg,1,False,7월 10일 신제품  사진/그레이스/S796번(핑크_SML)
GRA-S797,S797,그레이스,7월 신상 원피스,MINI,블루,S / M / L,8,assets/july10/grace/GRA-S797_01.jpg,0,True,7월 10일 신제품  사진/그레이스/S797번(블루_SML)
GRA-S798,S798,그레이스,7월 신상 원피스,MINI,화이트,S / M / L,9,assets/july10/grace/GRA-S798_01.jpg,1,True,7월 10일 신제품  사진/그레이스/S798번(화이트_SML)
SEY-S820,S820,세윤,투피스,TWO PIECE,아이,S / M / L,9,assets/july10/seyoon/SEY-S820_01.jpg,0,True,7월 10일 신제품  사진/세윤/S820번 투피스(아이_SML)
SEY-S821,S821,세윤,투피스,TWO PIECE,옐로우,S / M / L,9,assets/july10/seyoon/SEY-S821_01.jpg,2,True,7월 10일 신제품  사진/세윤/S821번 투피스(옐로우_SML)
SEY-S822,S822,세윤,7월 신상 원피스,MINI,아이,S / M / L,8,assets/july10/seyoon/SEY-S822_01.jpg,0,True,7월 10일 신제품  사진/세윤/S822번(아이_SML)
SEY-S823,S823,세윤,7월 신상 원피스,MINI,블랙,S / M / L,8,assets/july10/seyoon/SEY-S823_01.jpg,0,True,7월 10일 신제품  사진/세윤/S823번(블랙_SML)
SEY-S824,S824,세윤,7월 신상 원피스,MINI,아이,S / M / L,8,assets/july10/seyoon/SEY-S824_01.jpg,0,True,7월 10일 신제품  사진/세윤/S824번(아이_SML)
SEY-S825,S825,세윤,7월 신상 원피스,MINI,블랙,S / M / L,9,assets/july10/seyoon/SEY-S825_01.jpg,0,True,7월 10일 신제품  사진/세윤/S825번(블랙_SML)
SUN-S791,S791,써니,7월 신상 원피스,MINI,아이,S / M / L,8,assets/july10/sunny/SUN-S791_01.jpg,0,True,7월 10일 신제품  사진/써니/S791번(아이_SML)
SUN-S792,S792,써니,7월 신상 원피스,MINI,핑크,S / M / L,8,assets/july10/sunny/SUN-S792_01.jpg,0,True,7월 10일 신제품  사진/써니/S792번(핑크_SML)
SUN-S793,S793,써니,7월 신상 원피스,MINI,아이,S / M / L,8,assets/july10/sunny/SUN-S793_01.jpg,0,True,7월 10일 신제품  사진/써니/S793번(아이_SML)
SUN-S794,S794,써니,7월 신상 원피스,MINI,블랙,S / M / L,8,assets/july10/sunny/SUN-S794_01.jpg,1,False,7월 10일 신제품  사진/써니/S794번(블랙_SML)
YES-S826,S826,예스,투피스,TWO PIECE,아이,S / M / L,8,assets/july10/yes/YES-S826_01.jpg,0,True,7월 10일 신제품  사진/예스/S826번 투피스(아이_SML)
YES-S827,S827,예스,투피스,TWO PIECE,핑크,S / M / L,8,assets/july10/yes/YES-S827_01.jpg,1,True,7월 10일 신제품  사진/예스/S827번 투피스(핑크_SML)
YES-S828,S828,예스,7월 신상 원피스,MINI,핑크,S / M / L,8,assets/july10/yes/YES-S828_01.jpg,0,True,7월 10일 신제품  사진/예스/S828번(핑크_SML)
YES-S829,S829,예스,7월 신상 원피스,MINI,소라,S / M / L,8,assets/july10/yes/YES-S829_01.jpg,1,True,7월 10일 신제품  사진/예스/S829번(소라_SML)
YES-S853,S853,예스,투피스,TWO PIECE,블랙,S / M / L,8,assets/july10/yes/YES-S853_01.jpg,0,False,7월 10일 신제품  사진/예스/S853번투피스(블랙_SML)
YES-S854,S854,예스,투피스,TWO PIECE,브라운,S / M / L,8,assets/july10/yes/YES-S854_01.jpg,0,False,7월 10일 신제품  사진/예스/S854번투피스(브라운_SML)
IMN-S782,S782,임마누엘,투피스,TWO PIECE,아이,S / M / L,8,assets/july10/immanuel/IMN-S782_01.jpg,0,True,7월 10일 신제품  사진/임마누엘/S782번 투피스 (아이_SML)
IMN-S783,S783,임마누엘,투피스,TWO PIECE,핑크,S / M / L,8,assets/july10/immanuel/IMN-S783_01.jpg,0,True,7월 10일 신제품  사진/임마누엘/S783번 투피스 (핑크_SML)
IMN-S784,S784,임마누엘,7월 신상 원피스,MINI,아이,S / M / L,8,assets/july10/immanuel/IMN-S784_01.jpg,1,False,7월 10일 신제품  사진/임마누엘/S784번 (아이_SML)
IMN-S785,S785,임마누엘,7월 신상 원피스,MINI,블랙,S / M / L,8,assets/july10/immanuel/IMN-S785_01.jpg,8,False,7월 10일 신제품  사진/임마누엘/S785번 (블랙_SML)
IMN-S834,S834,임마누엘,7월 신상 원피스,MINI,아이,S / M / L,8,assets/july10/immanuel/IMN-S834_01.jpg,0,True,7월 10일 신제품  사진/임마누엘/S834번(아이_SML)
IMN-S835,S835,임마누엘,7월 신상 원피스,MINI,핑크,S / M / L,8,assets/july10/immanuel/IMN-S835_01.jpg,0,True,7월 10일 신제품  사진/임마누엘/S835번(핑크_SML)
IMN-S836,S836,임마누엘,7월 신상 원피스,MINI,블루,S / M / L,8,assets/july10/immanuel/IMN-S836_01.jpg,0,True,7월 10일 신제품  사진/임마누엘/S836번(블루_SML)
IMN-S837,S837,임마누엘,7월 신상 원피스,MINI,핑크,S / M / L,8,assets/july10/immanuel/IMN-S837_01.jpg,0,True,7월 10일 신제품  사진/임마누엘/S837번(핑크_SML)
JINA-S788,S788,지나,투피스,TWO PIECE,아이,S / M / L,8,assets/july10/jina/JINA-S788_01.jpg,0,True,7월 10일 신제품  사진/지나/S788번 투피스(아이_SML)
JINA-S789,S789,지나,투피스,TWO PIECE,그린,S / M / L,8,assets/july10/jina/JINA-S789_01.jpg,0,True,7월 10일 신제품  사진/지나/S789번 투피스(그린_SML)
JINA-S790,S790,지나,투피스,TWO PIECE,블랙,S / M / L,8,assets/july10/jina/JINA-S790_01.jpg,0,True,7월 10일 신제품  사진/지나/S790번 투피스(블랙_SML)
TIA-S756,S756,티아라,7월 신상 원피스,MINI,문의,확인필요,14,assets/july10/tiara/TIA-S756_01.jpg,14,False,7월 10일 신제품  사진/티아라/S756번(아엘소블_F)
TIA-S757,S757,티아라,7월 신상 원피스,MINI,핑크 / 블루,확인필요,11,assets/july10/tiara/TIA-S757_01.jpg,11,False,7월 10일 신제품  사진/티아라/S757번(핑크블루_F)
TIA-S758,S758,티아라,7월 신상 원피스,MINI,블랙 / 핑크 / 오렌지,확인필요,11,assets/july10/tiara/TIA-S758_01.jpg,11,False,7월 10일 신제품  사진/티아라/S758번(핑크오렌지블랙_F)
TIA-S759,S759,티아라,7월 신상 원피스,MINI,문의,확인필요,13,assets/july10/tiara/TIA-S759_01.jpg,13,False,7월 10일 신제품  사진/티아라/S759번(아엘핑소_F)
TIA-S760,S760,티아라,7월 신상 원피스,MINI,문의,확인필요,11,assets/july10/tiara/TIA-S760_01.jpg,11,False,7월 10일 신제품  사진/티아라/S760번(화베블_F)
TIA-S761,S761,티아라,7월 신상 원피스,MINI,문의,확인필요,12,assets/july10/tiara/TIA-S761_01.jpg,12,False,7월 10일 신제품  사진/티아라/S761번(화베블_F)
TIA-S762,S762,티아라,7월 신상 원피스,MINI,문의,S / M,8,assets/july10/tiara/TIA-S762_01.jpg,0,True,7월 10일 신제품  사진/티아라/S762번(화_SM)
TIA-S763,S763,티아라,7월 신상 원피스,MINI,문의,S / M,8,assets/july10/tiara/TIA-S763_01.jpg,0,False,7월 10일 신제품  사진/티아라/S763번(아_SM)
TIA-S764,S764,티아라,7월 신상 원피스,MINI,문의,S / M,8,assets/july10/tiara/TIA-S764_01.jpg,0,True,7월 10일 신제품  사진/티아라/S764번(아_SM)
TIA-S765,S765,티아라,7월 신상 원피스,MINI,문의,S / M,8,assets/july10/tiara/TIA-S765_01.jpg,0,True,7월 10일 신제품  사진/티아라/S765번(핑_SM)
TIA-S766,S766,티아라,7월 신상 원피스,MINI,문의,S / M,8,assets/july10/tiara/TIA-S766_01.jpg,0,True,7월 10일 신제품  사진/티아라/S766번(핑_SM)
TIA-S767,S767,티아라,7월 신상 원피스,MINI,문의,S / M,9,assets/july10/tiara/TIA-S767_01.jpg,1,True,7월 10일 신제품  사진/티아라/S767번(아_SM)
TIA-S768,S768,티아라,투피스,TWO PIECE,문의,S / M / L,8,assets/july10/tiara/TIA-S768_01.jpg,0,True,7월 10일 신제품  사진/티아라/S768번 투피스(핑_SML)
TIA-S769,S769,티아라,투피스,TWO PIECE,민트,S / M / L,8,assets/july10/tiara/TIA-S769_01.jpg,0,True,7월 10일 신제품  사진/티아라/S769번 투피스(민트_SML)
TIA-S770,S770,티아라,7월 신상 원피스,MINI,문의,S / M / L,8,assets/july10/tiara/TIA-S770_01.jpg,0,True,7월 10일 신제품  사진/티아라/S770번 (아_SML)
TIA-S771,S771,티아라,7월 신상 원피스,MINI,문의,S / M / L,8,assets/july10/tiara/TIA-S771_01.jpg,0,True,7월 10일 신제품  사진/티아라/S771번 (핑_SML)
TIA-S772,S772,티아라,7월 신상 원피스,MINI,블랙,S / M / L,8,assets/july10/tiara/TIA-S772_01.jpg,0,True,7월 10일 신제품  사진/티아라/S772번 (블랙_SML)
TIA-S773,S773,티아라,투피스,TWO PIECE,아이,S / M / L,8,assets/july10/tiara/TIA-S773_01.jpg,1,True,7월 10일 신제품  사진/티아라/S773번 투피스(아이_SML)
TIA-S774,S774,티아라,투피스,TWO PIECE,아이,S / M / L,8,assets/july10/tiara/TIA-S774_01.jpg,1,True,7월 10일 신제품  사진/티아라/S774번 투피스(아이_SML)
TIA-S775,S775,티아라,7월 신상 원피스,MINI,아이,S / M / L,8,assets/july10/tiara/TIA-S775_01.jpg,0,True,7월 10일 신제품  사진/티아라/S775번 (아이_SML)
TIA-S776,S776,티아라,7월 신상 원피스,MINI,블랙,S / M / L,8,assets/july10/tiara/TIA-S776_01.jpg,0,True,7월 10일 신제품  사진/티아라/S776번 (블랙_SML)
TIA-S777,S777,티아라,7월 신상 원피스,MINI,아이,S / M / L,8,assets/july10/tiara/TIA-S777_01.jpg,0,True,7월 10일 신제품  사진/티아라/S777번 (아이_SML)
TIA-S778,S778,티아라,7월 신상 원피스,MINI,블랙,S / M / L,8,assets/july10/tiara/TIA-S778_01.jpg,0,True,7월 10일 신제품  사진/티아라/S778번 (블랙_SML)
TIA-S799,S799,티아라,투피스,TWO PIECE,아이,S / M / L,9,assets/july10/tiara/TIA-S799_01.jpg,0,True,7월 10일 신제품  사진/티아라/S799번 투피스(아이_SML)
TIA-S800,S800,티아라,투피스,TWO PIECE,소라,S / M / L,9,assets/july10/tiara/TIA-S800_01.jpg,0,False,7월 10일 신제품  사진/티아라/S800번 투피스(소라_SML)
TIA-S801,S801,티아라,투피스,TWO PIECE,핑크,S / M / L,9,assets/july10/tiara/TIA-S801_01.jpg,0,True,7월 10일 신제품  사진/티아라/S801번 투피스(핑크_SML)
TIA-S802,S802,티아라,투피스,TWO PIECE,그레이,S / M / L,9,assets/july10/tiara/TIA-S802_01.jpg,0,True,7월 10일 신제품  사진/티아라/S802번 투피스(그레이_SML)
TIA-S803,S803,티아라,투피스,TWO PIECE,블랙,S / M / L,9,assets/july10/tiara/TIA-S803_01.jpg,1,True,7월 10일 신제품  사진/티아라/S803번 투피스(블랙_SML)
TIA-S804,S804,티아라,7월 신상 원피스,MINI,아이,S / M / L,8,assets/july10/tiara/TIA-S804_01.jpg,0,True,7월 10일 신제품  사진/티아라/S804번(아이_SML)
TIA-S805,S805,티아라,7월 신상 원피스,MINI,핑크,S / M / L,8,assets/july10/tiara/TIA-S805_01.jpg,0,True,7월 10일 신제품  사진/티아라/S805번(핑크_SML)
TIA-S806,S806,티아라,투피스,TWO PIECE,아이,S / M / L,9,assets/july10/tiara/TIA-S806_01.jpg,0,True,7월 10일 신제품  사진/티아라/S806번 투피스(아이_SML)
TIA-S807,S807,티아라,투피스,TWO PIECE,블랙,S / M / L,9,assets/july10/tiara/TIA-S807_01.jpg,0,True,7월 10일 신제품  사진/티아라/S807번 투피스(블랙_SML)
TIA-S808,S808,티아라,투피스,TWO PIECE,아이,S / M / L,8,assets/july10/tiara/TIA-S808_01.jpg,0,True,7월 10일 신제품  사진/티아라/S808번 투피스(아이_SML)
TIA-S809,S809,티아라,투피스,TWO PIECE,핑크,S / M / L,8,assets/july10/tiara/TIA-S809_01.jpg,0,True,7월 10일 신제품  사진/티아라/S809번 투피스(핑크_SML)
TIA-S810,S810,티아라,투피스,TWO PIECE,소라,S / M / L,8,assets/july10/tiara/TIA-S810_01.jpg,0,True,7월 10일 신제품  사진/티아라/S810번 투피스(소라_SML)
TIA-S811,S811,티아라,투피스,TWO PIECE,블랙,S / M / L,8,assets/july10/tiara/TIA-S811_01.jpg,0,True,7월 10일 신제품  사진/티아라/S811번 투피스(블랙_SML)
TIA-S812,S812,티아라,7월 신상 원피스,MINI,아이,S / M,8,assets/july10/tiara/TIA-S812_01.jpg,4,False,7월 10일 신제품  사진/티아라/S812번(아이_SM)
TIA-S813,S813,티아라,7월 신상 원피스,MINI,민트,S / M,8,assets/july10/tiara/TIA-S813_01.jpg,0,True,7월 10일 신제품  사진/티아라/S813번(민트_SM)
TIA-S814,S814,티아라,투피스,TWO PIECE,아이,S / M,9,assets/july10/tiara/TIA-S814_01.jpg,0,True,7월 10일 신제품  사진/티아라/S814번 투피스(아이_SM)
TIA-S815,S815,티아라,투피스,TWO PIECE,소라,S / M,9,assets/july10/tiara/TIA-S815_01.jpg,0,True,7월 10일 신제품  사진/티아라/S815번 투피스(소라_SM)
TIA-S816,S816,티아라,7월 신상 원피스,MINI,핑크,S / M,8,assets/july10/tiara/TIA-S816_01.jpg,0,True,7월 10일 신제품  사진/티아라/S816번(핑크_SM)
TIA-S817,S817,티아라,7월 신상 원피스,MINI,블랙,S / M,8,assets/july10/tiara/TIA-S817_01.jpg,2,False,7월 10일 신제품  사진/티아라/S817번(블랙_SM)
TIA-S818,S818,티아라,7월 신상 원피스,MINI,아이,S / M,8,assets/july10/tiara/TIA-S818_01.jpg,0,True,7월 10일 신제품  사진/티아라/S818번(아이_SM)
TIA-S819,S819,티아라,7월 신상 원피스,MINI,블랙,S / M,7,assets/july10/tiara/TIA-S819_01.jpg,0,True,7월 10일 신제품  사진/티아라/S819번(블랙_SM)
TIA-S838,S838,티아라,투피스,TWO PIECE,아이,S / M,9,assets/july10/tiara/TIA-S838_01.jpg,0,False,7월 10일 신제품  사진/티아라/S838번 투피스(아이_SM)
TIA-S839,S839,티아라,투피스,TWO PIECE,블랙 / 핑크,S / M,9,assets/july10/tiara/TIA-S839_01.jpg,0,False,7월 10일 신제품  사진/티아라/S839번 투피스(핑크블랙_SM)
TIA-S840,S840,티아라,투피스,TWO PIECE,화이트 / 블랙,S / M,9,assets/july10/tiara/TIA-S840_01.jpg,0,False,7월 10일 신제품  사진/티아라/S840번 투피스(블랙화이트_SM)
TIA-S841,S841,티아라,투피스,TWO PIECE,화이트 / 블랙,S / M,9,assets/july10/tiara/TIA-S841_01.jpg,0,False,7월 10일 신제품  사진/티아라/S841번 투피스(화이트블랙_SM)
TIA-S842,S842,티아라,투피스,TWO PIECE,브라운,S / M,9,assets/july10/tiara/TIA-S842_01.jpg,0,True,7월 10일 신제품  사진/티아라/S842번 투피스(브라운_SM)
TIA-S843,S843,티아라,투피스,TWO PIECE,아이 / 블랙,S / M,9,assets/july10/tiara/TIA-S843_01.jpg,0,False,7월 10일 신제품  사진/티아라/S843번 투피스(블랙아이_SM)
TIA-S844,S844,티아라,7월 신상 원피스,MINI,아이,S / M,11,assets/july10/tiara/TIA-S844_01.jpg,1,False,7월 10일 신제품  사진/티아라/S844번(아이_SM)
TIA-S845,S845,티아라,7월 신상 원피스,MINI,문의,S / M,11,assets/july10/tiara/TIA-S845_01.jpg,0,False,7월 10일 신제품  사진/티아라/S845번(픵크_SM)
TIA-S846,S846,티아라,7월 신상 원피스,MINI,블랙,S / M,11,assets/july10/tiara/TIA-S846_01.jpg,0,False,7월 10일 신제품  사진/티아라/S846번(블랙_SM)
TIA-S847,S847,티아라,투피스,TWO PIECE,그레이,S / M,9,assets/july10/tiara/TIA-S847_01.jpg,1,False,7월 10일 신제품  사진/티아라/S847번 투피스(그레이_SM)
TIA-S848,S848,티아라,투피스,TWO PIECE,아이,S / M,9,assets/july10/tiara/TIA-S848_01.jpg,0,False,7월 10일 신제품  사진/티아라/S848번 투피스(아이_SM)
TIA-S849,S849,티아라,투피스,TWO PIECE,블랙,S / M,9,assets/july10/tiara/TIA-S849_01.jpg,0,False,7월 10일 신제품  사진/티아라/S849번 투피스(블랙_SM)
TIA-S850,S850,티아라,투피스,TWO PIECE,아이 / 소라,S / M,9,assets/july10/tiara/TIA-S850_01.jpg,0,False,7월 10일 신제품  사진/티아라/S850번 투피스(소라아이_SM)
TIA-S851,S851,티아라,투피스,TWO PIECE,블랙 / 핑크,S / M,9,assets/july10/tiara/TIA-S851_01.jpg,0,False,7월 10일 신제품  사진/티아라/S851번투피스(핑크블랙_SM)
TIA-S852,S852,티아라,투피스,TWO PIECE,베이지,S / M,8,assets/july10/tiara/TIA-S852_01.jpg,0,False,7월 10일 신제품  사진/티아라/S852번투피스(베이지_SM)
PEARL-S779,S779,펄,7월 신상 원피스,MINI,블루,S / M / L,8,assets/july10/pearl/PEARL-S779_01.jpg,0,True,7월 10일 신제품  사진/펄/S779번 (블루_SML)
PEARL-S780,S780,펄,7월 신상 원피스,MINI,아이,S / M / L,8,assets/july10/pearl/PEARL-S780_01.jpg,0,True,7월 10일 신제품  사진/펄/S780번 (아이_SML)
PEARL-S781,S781,펄,7월 신상 원피스,MINI,블랙,S / M / L,8,assets/july10/pearl/PEARL-S781_01.jpg,8,False,7월 10일 신제품  사진/펄/S781번 (블랙_SML)
PEARL-S830,S830,펄,투피스,TWO PIECE,아이 / 블루,S / M / L,9,assets/july10/pearl/PEARL-S830_01.jpg,1,True,7월 10일 신제품  사진/펄/S830번 투피스(아이블루_SML)
PEARL-S831,S831,펄,투피스,TWO PIECE,블랙 / 엘로우,S / M / L,9,assets/july10/pearl/PEARL-S831_01.jpg,0,True,7월 10일 신제품  사진/펄/S831번 투피스(블랙엘로우_SML)
PEARL-S832,S832,펄,7월 신상 원피스,MINI,아이,S / M / L,8,assets/july10/pearl/PEARL-S832_01.jpg,0,True,7월 10일 신제품  사진/펄/S832번(아이_SML)
PEARL-S833,S833,펄,7월 신상 원피스,MINI,핑크,S / M / L,8,assets/july10/pearl/PEARL-S833_01.jpg,0,True,7월 10일 신제품  사진/펄/S833번(핑크_SML)
HIYA-S786,S786,희야,투피스,TWO PIECE,소라,S / M / L,8,assets/july10/hiya/HIYA-S786_01.jpg,0,True,7월 10일 신제품  사진/희야/S786번 투피스(소라_SML)
HIYA-S787,S787,희야,투피스,TWO PIECE,블랙,S / M / L,8,assets/july10/hiya/HIYA-S787_01.jpg,0,True,7월 10일 신제품  사진/희야/S787번 투피스(블랙_SML)
