code,folder,file
GRA-S796,7월 10일 신제품  사진/그레이스/S796번(핑크_SML),S796번(핑크_SML)1.jpg
GRA-S798,7월 10일 신제품  사진/그레이스/S798번(화이트_SML),S798번(화이트_SML)3.jpg
SEY-S821,7월 10일 신제품  사진/세윤/S821번 투피스(옐로우_SML),S821번 투피스(옐로우_SM)4.jpg
SEY-S821,7월 10일 신제품  사진/세윤/S821번 투피스(옐로우_SML),S821번 투피스(옐로우_SM)6.jpg
SUN-S794,7월 10일 신제품  사진/써니/S794번(블랙_SML),S794번(블랙_SML)1.jpg
YES-S827,7월 10일 신제품  사진/예스/S827번 투피스(핑크_SML),S827번 투피스(핑크_SML)6.jpg
YES-S829,7월 10일 신제품  사진/예스/S829번(소라_SML),S829번(소라_SML)8.jpg
IMN-S784,7월 10일 신제품  사진/임마누엘/S784번 (아이_SML),S784번 (아이_SML)1.jpg
IMN-S785,7월 10일 신제품  사진/임마누엘/S785번 (블랙_SML),S785번 (블랙_SML)1.jpg
IMN-S785,7월 10일 신제품  사진/임마누엘/S785번 (블랙_SML),S785번 (블랙_SML)2.jpg
IMN-S785,7월 10일 신제품  사진/임마누엘/S785번 (블랙_SML),S785번 (블랙_SML)3.jpg
IMN-S785,7월 10일 신제품  사진/임마누엘/S785번 (블랙_SML),S785번 (블랙_SML)4.jpg
IMN-S785,7월 10일 신제품  사진/임마누엘/S785번 (블랙_SML),S785번 (블랙_SML)5.jpg
IMN-S785,7월 10일 신제품  사진/임마누엘/S785번 (블랙_SML),S785번 (블랙_SML)6.jpg
IMN-S785,7월 10일 신제품  사진/임마누엘/S785번 (블랙_SML),S785번 (블랙_SML)7.jpg
IMN-S785,7월 10일 신제품  사진/임마누엘/S785번 (블랙_SML),S785번 (블랙_SML)8.jpg
TIA-S756,7월 10일 신제품  사진/티아라/S756번(아엘소블_F),S756번(아엘소블_F)01.jpg
TIA-S756,7월 10일 신제품  사진/티아라/S756번(아엘소블_F),S756번(아엘소블_F)02.jpg
TIA-S756,7월 10일 신제품  사진/티아라/S756번(아엘소블_F),S756번(아엘소블_F)03.jpg
TIA-S756,7월 10일 신제품  사진/티아라/S756번(아엘소블_F),S756번(아엘소블_F)04.jpg
TIA-S756,7월 10일 신제품  사진/티아라/S756번(아엘소블_F),S756번(아엘소블_F)05.jpg
TIA-S756,7월 10일 신제품  사진/티아라/S756번(아엘소블_F),S756번(아엘소블_F)06.jpg
TIA-S756,7월 10일 신제품  사진/티아라/S756번(아엘소블_F),S756번(아엘소블_F)07.jpg
TIA-S756,7월 10일 신제품  사진/티아라/S756번(아엘소블_F),S756번(아엘소블_F)08.jpg
TIA-S756,7월 10일 신제품  사진/티아라/S756번(아엘소블_F),S756번(아엘소블_F)09.jpg
TIA-S756,7월 10일 신제품  사진/티아라/S756번(아엘소블_F),S756번(아엘소블_F)10.jpg
TIA-S756,7월 10일 신제품  사진/티아라/S756번(아엘소블_F),S756번(아엘소블_F)11.jpg
TIA-S756,7월 10일 신제품  사진/티아라/S756번(아엘소블_F),S756번(아엘소블_F)12.jpg
TIA-S756,7월 10일 신제품  사진/티아라/S756번(아엘소블_F),S756번(아엘소블_F)13.jpg
TIA-S756,7월 10일 신제품  사진/티아라/S756번(아엘소블_F),S756번(아엘소블_F)14.jpg
TIA-S757,7월 10일 신제품  사진/티아라/S757번(핑크블루_F),S757번(핑크블루_F)01.jpg
TIA-S757,7월 10일 신제품  사진/티아라/S757번(핑크블루_F),S757번(핑크블루_F)02.jpg
TIA-S757,7월 10일 신제품  사진/티아라/S757번(핑크블루_F),S757번(핑크블루_F)03.jpg
TIA-S757,7월 10일 신제품  사진/티아라/S757번(핑크블루_F),S757번(핑크블루_F)04.jpg
TIA-S757,7월 10일 신제품  사진/티아라/S757번(핑크블루_F),S757번(핑크블루_F)05.jpg
TIA-S757,7월 10일 신제품  사진/티아라/S757번(핑크블루_F),S757번(핑크블루_F)06.jpg
TIA-S757,7월 10일 신제품  사진/티아라/S757번(핑크블루_F),S757번(핑크블루_F)07.jpg
TIA-S757,7월 10일 신제품  사진/티아라/S757번(핑크블루_F),S757번(핑크블루_F)08.jpg
TIA-S757,7월 10일 신제품  사진/티아라/S757번(핑크블루_F),S757번(핑크블루_F)09.jpg
TIA-S757,7월 10일 신제품  사진/티아라/S757번(핑크블루_F),S757번(핑크블루_F)10.jpg
TIA-S757,7월 10일 신제품  사진/티아라/S757번(핑크블루_F),S757번(핑크블루_F)11.jpg
TIA-S758,7월 10일 신제품  사진/티아라/S758번(핑크오렌지블랙_F),S758번(핑크오렌지블랙_F)01.jpg
TIA-S758,7월 10일 신제품  사진/티아라/S758번(핑크오렌지블랙_F),S758번(핑크오렌지블랙_F)02.jpg
TIA-S758,7월 10일 신제품  사진/티아라/S758번(핑크오렌지블랙_F),S758번(핑크오렌지블랙_F)03.jpg
TIA-S758,7월 10일 신제품  사진/티아라/S758번(핑크오렌지블랙_F),S758번(핑크오렌지블랙_F)04.jpg
TIA-S758,7월 10일 신제품  사진/티아라/S758번(핑크오렌지블랙_F),S758번(핑크오렌지블랙_F)05.jpg
TIA-S758,7월 10일 신제품  사진/티아라/S758번(핑크오렌지블랙_F),S758번(핑크오렌지블랙_F)06.jpg
TIA-S758,7월 10일 신제품  사진/티아라/S758번(핑크오렌지블랙_F),S758번(핑크오렌지블랙_F)07.jpg
TIA-S758,7월 10일 신제품  사진/티아라/S758번(핑크오렌지블랙_F),S758번(핑크오렌지블랙_F)08.jpg
TIA-S758,7월 10일 신제품  사진/티아라/S758번(핑크오렌지블랙_F),S758번(핑크오렌지블랙_F)09.jpg
TIA-S758,7월 10일 신제품  사진/티아라/S758번(핑크오렌지블랙_F),S758번(핑크오렌지블랙_F)10.jpg
TIA-S758,7월 10일 신제품  사진/티아라/S758번(핑크오렌지블랙_F),S758번(핑크오렌지블랙_F)11.jpg
TIA-S759,7월 10일 신제품  사진/티아라/S759번(아엘핑소_F),S759번(아엘핑소_F)01.jpg
TIA-S759,7월 10일 신제품  사진/티아라/S759번(아엘핑소_F),S759번(아엘핑소_F)02.jpg
TIA-S759,7월 10일 신제품  사진/티아라/S759번(아엘핑소_F),S759번(아엘핑소_F)03.jpg
TIA-S759,7월 10일 신제품  사진/티아라/S759번(아엘핑소_F),S759번(아엘핑소_F)04.jpg
TIA-S759,7월 10일 신제품  사진/티아라/S759번(아엘핑소_F),S759번(아엘핑소_F)05.jpg
TIA-S759,7월 10일 신제품  사진/티아라/S759번(아엘핑소_F),S759번(아엘핑소_F)06.jpg
TIA-S759,7월 10일 신제품  사진/티아라/S759번(아엘핑소_F),S759번(아엘핑소_F)07.jpg
TIA-S759,7월 10일 신제품  사진/티아라/S759번(아엘핑소_F),S759번(아엘핑소_F)08.jpg
TIA-S759,7월 10일 신제품  사진/티아라/S759번(아엘핑소_F),S759번(아엘핑소_F)09.jpg
TIA-S759,7월 10일 신제품  사진/티아라/S759번(아엘핑소_F),S759번(아엘핑소_F)10.jpg
TIA-S759,7월 10일 신제품  사진/티아라/S759번(아엘핑소_F),S759번(아엘핑소_F)11.jpg
TIA-S759,7월 10일 신제품  사진/티아라/S759번(아엘핑소_F),S759번(아엘핑소_F)12.jpg
TIA-S759,7월 10일 신제품  사진/티아라/S759번(아엘핑소_F),S759번(아엘핑소_F)13.jpg
TIA-S760,7월 10일 신제품  사진/티아라/S760번(화베블_F),S760번(화베블_F)01.jpg
TIA-S760,7월 10일 신제품  사진/티아라/S760번(화베블_F),S760번(화베블_F)02.jpg
TIA-S760,7월 10일 신제품  사진/티아라/S760번(화베블_F),S760번(화베블_F)03.jpg
TIA-S760,7월 10일 신제품  사진/티아라/S760번(화베블_F),S760번(화베블_F)04.jpg
TIA-S760,7월 10일 신제품  사진/티아라/S760번(화베블_F),S760번(화베블_F)05.jpg
TIA-S760,7월 10일 신제품  사진/티아라/S760번(화베블_F),S760번(화베블_F)06.jpg
TIA-S760,7월 10일 신제품  사진/티아라/S760번(화베블_F),S760번(화베블_F)07.jpg
TIA-S760,7월 10일 신제품  사진/티아라/S760번(화베블_F),S760번(화베블_F)08.jpg
TIA-S760,7월 10일 신제품  사진/티아라/S760번(화베블_F),S760번(화베블_F)09.jpg
TIA-S760,7월 10일 신제품  사진/티아라/S760번(화베블_F),S760번(화베블_F)10.jpg
TIA-S760,7월 10일 신제품  사진/티아라/S760번(화베블_F),S760번(화베블_F)11.jpg
TIA-S761,7월 10일 신제품  사진/티아라/S761번(화베블_F),S761번(화베블_F)01.jpg
TIA-S761,7월 10일 신제품  사진/티아라/S761번(화베블_F),S761번(화베블_F)02.jpg
TIA-S761,7월 10일 신제품  사진/티아라/S761번(화베블_F),S761번(화베블_F)03.jpg
TIA-S761,7월 10일 신제품  사진/티아라/S761번(화베블_F),S761번(화베블_F)04.jpg
TIA-S761,7월 10일 신제품  사진/티아라/S761번(화베블_F),S761번(화베블_F)05.jpg
TIA-S761,7월 10일 신제품  사진/티아라/S761번(화베블_F),S761번(화베블_F)06.jpg
TIA-S761,7월 10일 신제품  사진/티아라/S761번(화베블_F),S761번(화베블_F)07.jpg
TIA-S761,7월 10일 신제품  사진/티아라/S761번(화베블_F),S761번(화베블_F)08.jpg
TIA-S761,7월 10일 신제품  사진/티아라/S761번(화베블_F),S761번(화베블_F)09.jpg
TIA-S761,7월 10일 신제품  사진/티아라/S761번(화베블_F),S761번(화베블_F)10.jpg
TIA-S761,7월 10일 신제품  사진/티아라/S761번(화베블_F),S761번(화베블_F)11.jpg
TIA-S761,7월 10일 신제품  사진/티아라/S761번(화베블_F),S761번(화베블_F)12.jpg
TIA-S767,7월 10일 신제품  사진/티아라/S767번(아_SM),S767번(아_SM)5.jpg
TIA-S773,7월 10일 신제품  사진/티아라/S773번 투피스(아이_SML),S773번 투피스(아이_SML)8.jpg
TIA-S774,7월 10일 신제품  사진/티아라/S774번 투피스(아이_SML),S774번 투피스(아이_SML)8.jpg
TIA-S803,7월 10일 신제품  사진/티아라/S803번 투피스(블랙_SML),S803번 투피스(블랙_SML)3상방컷.jpg
TIA-S812,7월 10일 신제품  사진/티아라/S812번(아이_SM),S812번(아이_SM)1.jpg
TIA-S812,7월 10일 신제품  사진/티아라/S812번(아이_SM),S812번(아이_SM)3.jpg
TIA-S812,7월 10일 신제품  사진/티아라/S812번(아이_SM),S812번(아이_SM)5.jpg
TIA-S812,7월 10일 신제품  사진/티아라/S812번(아이_SM),S812번(아이_SM)6.jpg
TIA-S817,7월 10일 신제품  사진/티아라/S817번(블랙_SM),S817번(블랙_SM)1.jpg
TIA-S817,7월 10일 신제품  사진/티아라/S817번(블랙_SM),S817번(블랙_SM)3.jpg
TIA-S844,7월 10일 신제품  사진/티아라/S844번(아이_SM),S844번(아이_SM)11.jpg
TIA-S847,7월 10일 신제품  사진/티아라/S847번 투피스(그레이_SM),S847번 투피스(그레이_SM)7.jpg
PEARL-S781,7월 10일 신제품  사진/펄/S781번 (블랙_SML),S781번 (블랙_SML)1.jpg
PEARL-S781,7월 10일 신제품  사진/펄/S781번 (블랙_SML),S781번 (블랙_SML)2.jpg
PEARL-S781,7월 10일 신제품  사진/펄/S781번 (블랙_SML),S781번 (블랙_SML)3.jpg
PEARL-S781,7월 10일 신제품  사진/펄/S781번 (블랙_SML),S781번 (블랙_SML)4.jpg
PEARL-S781,7월 10일 신제품  사진/펄/S781번 (블랙_SML),S781번 (블랙_SML)5.jpg
PEARL-S781,7월 10일 신제품  사진/펄/S781번 (블랙_SML),S781번 (블랙_SML)6.jpg
PEARL-S781,7월 10일 신제품  사진/펄/S781번 (블랙_SML),S781번 (블랙_SML)7.jpg
PEARL-S781,7월 10일 신제품  사진/펄/S781번 (블랙_SML),S781번 (블랙_SML)8.jpg
PEARL-S830,7월 10일 신제품  사진/펄/S830번 투피스(아이블루_SML),S830번 투피스(아이블루_SML)2.jpg
